Original_SMILES,Product_SMILES,Similarity,Reaction_SMARTS,DOI
*c1ccnc(NC)n1,*c1nc(NC)nc2nc[nH]c12,0.3514,[c:5]1[c:6][n:7][c:1][n:2][c:3]1>>[c:1]1[n:2][c:3][c]2[nH:5][c:6][n:7][c]2[n]1,https://doi.org/10.1016/j.ejmech.2023.115796
*c1ccnc(NC)n1,*c1nc2nc(NC)ncc2[nH]1,0.4,[c:5]1[c:6][n:7][c:1][n:2][c:3]1>>[c:1]1[n:2][c:3][c]2[nH:5][c:6][n:7][c]2[n]1,https://doi.org/10.1016/j.ejmech.2023.115796
*c1ccnc(NC)n1,*C1CCN1NC,0.1111,[c:1]1[c:4]n[c:3][n][c:2]1>>[C:1]1[C:2][N:3][C:4]1,https://doi.org/10.1016/j.ejmech.2023.115796
*c1ccnc(NC)n1,*c1ccnc(NC(F)F)n1,0.5667,[*:1][C:2]>>[*:1][C:2]([F])[F],https://doi.org/10.1016/j.ejmech.2023.115616
*c1ccnc(NC)n1,*c1cc(NC)ncn1,0.3438,[*:1][c:2]1[c:3][c:7][n:6][c]([*:5])[n:8]1>>[*:1][c:2]1[c:3][c]([*:5])[n:6][c:7][n:8]1,https://dx.doi.org/10.1021/acs.jmedchem.0c01498
*c1ccnc(NC)n1,*c1nccc(NC)n1,0.4667,[*:1][c:2]1[n:7][c:6][c:3][c:4][n:5]1>>[*:1][c:2]1[c:3][c:4][n:5][c:6][n:7]1,https://doi.org/10.1016/j.ejmech.2024.116627
*c1ccnc(NC)n1,*c1cccc(NC)n1,0.4333,[*:1][c:2]1n[c:4][c:5][c:6][n:7]1>>[*:1][c:2]1[c][c:4][c:5][c:6][n:7]1,https://doi.org/10.1016/j.ejmech.2024.116627
*c1ccnc(NC)n1,*c1ccnc(NC)c1,0.4194,[*:1][c:2]1n[c:4][c:5][c:6][n:7]1>>[*:1][c:2]1[c][c:4][c:5][c:6][n:7]1,https://doi.org/10.1016/j.ejmech.2024.116627
*c1ccnc(NC)n1,*c1ccc(NC)nc1,0.3438,[*:1][c:2]1[c:3][c:4]n[c:5][n:6]1>>[*:1][c:2]1[c:3][c:4][c:5][n:6][c]1,https://doi.org/10.1016/j.ejmech.2022.114483
*c1ccnc(NC)n1,*c1ccnc(OCNC)c1C(F)(F)F,0.2857,[c:1]1[n:2][c:3][c:4][c:5][n:6]1 >> [c](-[O]-[C:1])1[n:2][c:3][c:4][c:5][c:6](-[C](-[F])(-[F])-[F])1,https://doi.org/10.1021/acs.jmedchem.4c00094
*c1ccnc(NC)n1,*c1ccc(C(F)(F)F)c(OCNC)n1,0.3171,[c:1]1[n:2][c:3][c:4][c:5][n:6]1 >> [c](-[O]-[C:1])1[n:2][c:3][c:4][c:5][c:6](-[C](-[F])(-[F])-[F])1,https://doi.org/10.1021/acs.jmedchem.4c00094
*c1ccnc(NC)n1,*c1cc(NC)cc2cccnc12,0.3421,[c:1]1[n:2][c:3][c:4][c:5][n:6]1 >> [c:1]1[c:2][c]2[c][c:3][c:4][n][c]2[c:5][c:6]1,https://doi.org/10.1021/acs.jmedchem.4c00094
*c1ccnc(NC)n1,*c1cnc2ccc(NC)cc2c1,0.3158,[c:1]1[n:2][c:3][c:4][c:5][n:6]1 >> [c:1]1[c:2][c]2[c][c:3][c:4][n][c]2[c:5][c:6]1,https://doi.org/10.1021/acs.jmedchem.4c00094
*c1ccnc(NC)n1,*c1ccc2cnc(NC)nc2c1,0.4286,[c:1]1[n:2][c:3][n:4][c:5][c:6]1 >> [c:1]1[n:2][c:3][n:4][c]2[c][c:5][c:6][c][c]21,https://doi.org/10.1021/acs.jmedchem.4c00136
*c1ccnc(NC)n1,*c1nc(NC)nc2ccccc12,0.3714,[c:1]1[n:2][c:3][n:4][c:5][c:6]1 >> [c:1]1[n:2][c:3][n:4][c]2[c][c:5][c:6][c][c]21,https://doi.org/10.1021/acs.jmedchem.4c00136
*c1ccnc(NC)n1,*c1c(OC)c(OC)cc2cnc(NC)nc12,0.375,[c:1]1[n:2][c:3][n:4][c:5][c:6]1 >> [c:1]1[n:2][c:3][n:4][c]2[c:5][c](-[O]-[C])[c](-[O]-[C])[c:6][c]21,https://doi.org/10.1021/acs.jmedchem.4c00136
*c1ccnc(NC)n1,*c1nc(NC)nc2cc(OC)c(OC)cc12,0.3,[c:1]1[n:2][c:3][n:4][c:5][c:6]1 >> [c:1]1[n:2][c:3][n:4][c]2[c:5][c](-[O]-[C])[c](-[O]-[C])[c:6][c]21,https://doi.org/10.1021/acs.jmedchem.4c00136
*c1ccnc(NC)n1,*c1csc2cnc(NC)nc12,0.3784,[c:1]1[n:2][c:3][n:4][c:5][c:6]1 >> [c:1]1[n:2][c:3][n:4][c]2[c:5][c:6][s][c]21,https://doi.org/10.1021/acs.jmedchem.4c00136
*c1ccnc(NC)n1,*c1nc(NC)nc2ccsc12,0.3514,[c:1]1[n:2][c:3][n:4][c:5][c:6]1 >> [c:1]1[n:2][c:3][n:4][c]2[c:5][c:6][s][c]21,https://doi.org/10.1021/acs.jmedchem.4c00136
*c1ccnc(NC)n1,*c1cc2cnc(NC)nc2s1,0.4,[c:1]1[n:2][c:3][n:4][c:5][c:6]1 >> [c:1]1[n:2][c:3][n:4][c]2[s][c:5][c:6][c]21,https://doi.org/10.1021/acs.jmedchem.4c00136
*c1ccnc(NC)n1,*c1nc(NC)nc2sccc12,0.3514,[c:1]1[n:2][c:3][n:4][c:5][c:6]1 >> [c:1]1[n:2][c:3][n:4][c]2[s][c:5][c:6][c]21,https://doi.org/10.1021/acs.jmedchem.4c00136
*c1ccnc(NC)n1,*c1ccnc2cc(NC)ccc12,0.3514,[c:1]1[c:2][n:3][c:4][n:5][c:6]1 >> [c:1]1[c:2][n:3][c]2[c][c:4][c:5][c][c]2[c:6]1,https://doi.org/10.1021/acs.jmedchem.4c00094
*c1ccnc(NC)n1,*c1ccc2ccc(NC)cc2n1,0.3824,[c:1]1[c:2][n:3][c:4][n:5][c:6]1 >> [c:1]1[c:2][n:3][c]2[c][c:4][c:5][c][c]2[c:6]1,https://doi.org/10.1021/acs.jmedchem.4c00094
*c1ccnc(NC)n1,*c1cccc(CNC)c1,0.2162,[c:1]1[c:2][n:3][c:4][n:5][c:6]1 >> [c:1]1[c:2][c:3][c](-[C:4])[c:5][c:6]1,https://doi.org/10.1021/acs.jmedchem.4c00094
*c1ccnc(NC)n1,*c1cccc(ONC)c1,0.2162,[c:1]1[c:2][n:3][c:4][n:5][c:6]1 >> [c:1]1[c:2][c:3][c](-[O:4])[c:5][c:6]1,https://doi.org/10.1021/acs.jmedchem.4c00094
*c1ccnc(NC)n1,*c1cccc(NNC)c1,0.2222,[c:1]1[c:2][n:3][c:4][n:5][c:6]1 >> [c:1]1[c:2][c:3][c](-[N:4])[c:5][c:6]1,https://doi.org/10.1021/acs.jmedchem.4c00026
*c1ccnc(NC)n1,*c1cccc(NNC)n1,0.3636,[c:1]1[c:2][n:3][c:4][n:5][c:6]1 >> [c:1]1[c:2][c:3][c](-[N:4])[n:5][c:6]1,https://doi.org/10.1021/acs.jmedchem.4c00026
*c1ccnc(NC)n1,*c1ccnc(NNC)c1,0.3529,[c:1]1[c:2][n:3][c:4][n:5][c:6]1 >> [c:1]1[c:2][c:3][c](-[N:4])[n:5][c:6]1,https://doi.org/10.1021/acs.jmedchem.4c00026
*c1ccnc(NC)n1,*c1nncc(NC)c1Cl,0.2432,[*:1]-[c:2]1[c:3][c:4][n:5][c:6](-[*:8])[n:7]1 >> [*:1]-[c:2]1[n:3][n:4][c:5][c:6](-[*:8])[c:7]1-[Cl],https://dx.doi.org/10.1021/acs.jmedchem.0c01498
*c1ccnc(NC)n1,*c1cc(OC)nc(NC)n1,0.4242,[*:1][c:2]1[c:3][c:4][n:7][c:8]([N:9])[n:10]1>>[*:1][c:2]1[c:3][c:4]([O][C])[n:7][c:8]([N:9])[n:10]1,https://doi.org/10.1021/acs.jmedchem.1c00382
*c1ccnc(NC)n1,*c1nc(NC)ncc1OC,0.4118,[*:1][c:2]1[c:8][c:7][n:6][c:4]([N:5])[n:3]1>>[*:1][c:2]1[n:3][c:4]([N:5])[n:6][c:7][c:8]1[O][C],https://doi.org/10.1021/acs.jmedchem.1c00382
*c1ccnc(NC)n1,*c1ccc2cc(NC)ccc2n1,0.3824,[c:7]1[c:8]n[c:1][n:5][c:6]1>>[c:1]1[c][c][c]2[n:5][c:6][c:7][c:8][c]2[c]1,https://doi.org/10.1021/acs.jmedchem.4c00094
*c1ccnc(NC)n1,*c1ccnc2ccc(NC)cc12,0.3514,[c:7]1[c:8]n[c:1][n:5][c:6]1>>[c:1]1[c][c][c]2[n:5][c:6][c:7][c:8][c]2[c]1,https://doi.org/10.1021/acs.jmedchem.4c00094
*c1ccnc(NC)n1,*c1cccnc1NC,0.4194,[c:1]1[c:2]n[c:3][n:4][c:6]1>>[c:1]1[c:2][c:3][n:4][c][c:6]1,https://doi.org/10.1021/acs.jmedchem.4c00094
*c1ccnc(NC)n1,*c1cccc(OCNC)c1,0.2308,[c:6]1[c:7]n[c:1]n[c:5]1>>[C:1][O][c]1[c][c:5][c:6][c:7][c]1,https://doi.org/10.1021/acs.jmedchem.4c00094
*c1ccnc(NC)n1,*c1cnnc(NC)c1C,0.25,[*:1][c:2]1[c:8][c:9][n:4][c:3]([*:7])[n:5]1>>[*:1][c:2]1[c:3][n:4][n:5][c]([*:7])[c:8]1[C:9],https://dx.doi.org/10.1021/acs.jmedchem.0c01498
*c1ccnc(NC)n1,*c1cc2nccnc2cc1NC,0.3235,[*:1][c:2]1[c:11][c:7][n:6][c:3][n:9]1>>[*:1][c:2]1[c:3][c][c]2[n:6][c:7][c][n:9][c]2[c:11]1,https://doi.org/10.1016/j.ejmech.2022.114483
*c1ccnc(NC)n1,*c1ccc(NC)cn1,0.3871,[*:1][c:2]1n[c:3][c:4][c:5][n:6]1>>[*:1][c:2]1[c:3][c:4][c:5][n:6][c]1,https://doi.org/10.1016/j.ejmech.2024.116627
*c1ccnc(NC)n1,*c1ccncc1NC,0.3333,[*:1][c:2]1n[c:3][c:4][c:5][n:6]1>>[*:1][c:2]1[c:3][c:4][c:5][n:6][c]1,https://doi.org/10.1016/j.ejmech.2024.116627
*c1ccnc(NC)n1,*c1cc(NC)ccc1F,0.2571,[*:1][c:2]1n[c:3][c:5][c:7]n1>>[*:1][c:2]1[c:3][c][c:5]([F])[c:7][c]1,https://doi.org/10.1016/j.ejmech.2022.114483
*c1ccnc(NC)n1,*c1cc(F)ccc1NC,0.2571,[*:1][c:2]1n[c:3][c:5][c:7]n1>>[*:1][c:2]1[c:3][c][c:5]([F])[c:7][c]1,https://doi.org/10.1016/j.ejmech.2022.114483
*c1ccnc(NC)n1,*c1cncc(NC)n1,0.3438,[*:1][c:2]1[n:4][c:3][c:5][c:6][n:7]1>>[*:1][c:2]1[c:3][n:4][c:5][c:6][n:7]1,https://doi.org/10.1016/j.ejmech.2022.114483
*c1ccnc(NC)n1,*c1nccnc1NC,0.4138,[*:1][c:2]1[n:4][c:3][c:5][c:6][n:7]1>>[*:1][c:2]1[c:3][n:4][c:5][c:6][n:7]1,https://doi.org/10.1016/j.ejmech.2022.114483
*c1ccnc(NC)n1,*c1ccnc(OCC)n1,0.4375,[*:1][N:2]>>[*:1]O[C:2],https://doi.org/10.1016/j.ejmech.2021.113771
*c1ccnc(NC)n1,*c1ccnc(COC)n1,0.4688,[*:1][N:2]>>[*:1]O[C:2],https://doi.org/10.1016/j.ejmech.2021.113771
*c1ccnc(NC)n1,*c1ccnc(C(C)=O)n1,0.4375,[*:1][N][*:3]>>[*:1]C(=O)[*:3],https://doi.org/10.1016/j.ejmech.2020.112904
*c1ccnc(NC)n1,*c1ccnc(SC)n1,0.4667,[*:1][N][*:3]>>[*:1]S[*:3],https://doi.org/10.1016/j.ejmech.2020.112968
*c1ccnc(NC)n1,*c1ccnc(C(=O)NC)n1,0.4848,[*:1][N:2][*:3]>>[*:3][N:2]C([*:1])=O,https://doi.org/10.1016/j.ejmech.2020.113087
*c1ccnc(NC)n1,*c1ccnc(NC(C)=O)n1,0.6,[*:1][N:2][*:3]>>[*:3][N:2]C([*:1])=O,https://doi.org/10.1016/j.ejmech.2020.113087
*c1ccnc(NC)n1,*c1ccnc(NCC)n1,0.6207,[*:1][C:2]>>[*:1][C:2]C,https://doi.org/10.1021/acs.jmedchem.0c02094
*c1ccnc(NC)n1,*c1cnc(NC)s1,0.303,[*:1][c:2]1[n:3][c:4][c][c:6][n]1>>[*:1][c:2]1[n:3][c:4][c:6]s1,https://doi.org/10.1016/j.ejmech.2024.116122
*c1ccnc(NC)n1,*c1csc(NC)n1,0.3438,[*:1][c:2]1[n:3][c:4][c][c:6][n]1>>[*:1][c:2]1[n:3][c:4][c:6]s1,https://doi.org/10.1016/j.ejmech.2024.116122
*c1ccnc(NC)n1,*c1ccc(C)c(NC)c1,0.2647,[c:1]1[c:2][n:3][c:4][n:5][c:6]1>>[c:1]1[c:2][c:3](-[C])[c:4][c:5][c:6]1,https://doi.org/10.1021/acs.jmedchem.4c00094
*c1ccnc(NC)n1,*c1cccc(NC)c1C,0.2647,[c:1]1[c:2][n:3][c:4][n:5][c:6]1>>[c:1]1[c:2][c:3](-[C])[c:4][c:5][c:6]1,https://doi.org/10.1021/acs.jmedchem.4c00094
*c1ccnc(NC)n1,*c1ccc(F)c(NC)c1F,0.2571,[c:1]1[c:2][n:3][c:4][n:5][c:6]1>>[c:1]1[c:2][c:3](-[F])[c:4][c:5](-[F])[c:6]1,https://doi.org/10.1021/acs.jmedchem.4c00094
*c1ccnc(NC)n1,*c1ccc(OC)c(NC)c1,0.2432,[c:1]1[c:2][n:3][c:4][n:5][c:6]1>>[c:1]1[c:2][c:3](-[O]-[C])[c:4][c:5][c:6]1,https://doi.org/10.1021/acs.jmedchem.4c00094
*c1ccnc(NC)n1,*c1cccc(NC)c1OC,0.2432,[c:1]1[c:2][n:3][c:4][n:5][c:6]1>>[c:1]1[c:2][c:3](-[O]-[C])[c:4][c:5][c:6]1,https://doi.org/10.1021/acs.jmedchem.4c00094
*c1ccnc(NC)n1,*c1ccc(O)c(NC)c1,0.2941,[c:1]1[c:2][n:3][c:4][n:5][c:6]1>>[c:1]1[c:2][c:3](-[O])[c:4][c:5][c:6]1,https://doi.org/10.1021/acs.jmedchem.4c00094
*c1ccnc(NC)n1,*c1cccc(NC)c1O,0.2571,[c:1]1[c:2][n:3][c:4][n:5][c:6]1>>[c:1]1[c:2][c:3](-[O])[c:4][c:5][c:6]1,https://doi.org/10.1021/acs.jmedchem.4c00094
*c1ccnc(NC)n1,*c1ccc(C#N)c(NC)c1,0.2368,[c:1]1[c:2][n:3][c:4][n:5][c:6]1>>[c:1]1[c:2][c:3](-[C]#[N])[c:4][c:5][c:6]1,https://doi.org/10.1021/acs.jmedchem.4c00094
*c1ccnc(NC)n1,*c1cccc(NC)c1C#N,0.2368,[c:1]1[c:2][n:3][c:4][n:5][c:6]1>>[c:1]1[c:2][c:3](-[C]#[N])[c:4][c:5][c:6]1,https://doi.org/10.1021/acs.jmedchem.4c00094
*c1ccnc(NC)n1,*c1ccc(NS(C)(=O)=O)c(NC)c1,0.225,[c:1]1[n:2][c:3][c:4][c:5][n:6]1>>[c:1]1[c:2](-[N]-[S](=[O])(=[O])-[C])[c:3][c:4][c:5][c:6]1,https://doi.org/10.1021/acs.jmedchem.4c00094
*c1ccnc(NC)n1,*c1cccc(NC)c1NS(C)(=O)=O,0.2195,[c:1]1[n:2][c:3][c:4][c:5][n:6]1>>[c:1]1[c:2](-[N]-[S](=[O])(=[O])-[C])[c:3][c:4][c:5][c:6]1,https://doi.org/10.1021/acs.jmedchem.4c00094
*c1ccnc(NC)n1,*c1cncc(NC)c1,0.2647,[c:1]1[n:2][c:3][c:4][c:5][n:6]1>>[c:1]1[c:2][n:3][c:4][c:5][c:6]1,https://doi.org/10.1021/acs.jmedchem.4c00094
*c1ccnc(NC)n1,*c1cccc(C#N)c1,0.1389,[c:1]1[c:2][n:3][c:4](-[N])[n:5][c:6]1>>[c:1]1[c:2][c:3][c:4](-[C]#[N])[c:5][c:6]1,https://doi.org/10.1021/acs.jmedchem.4c00026
*c1ccnc(NC)n1,*c1cccc([N+](=O)[O-])c1,0.1282,[c:1]1[c:2][n:3][c:4](-[N])[n:5][c:6]1>>[c:1]1[c:2][c:3][c:4](-[N+](=[O])-[O-])[c:5][c:6]1,https://doi.org/10.1021/acs.jmedchem.4c00026
*c1ccnc(NC)n1,*c1cccc(C(=O)OCC)c1,0.1395,[c:1]1[c:2][n:3][c:4](-[N:7])[n:5][c:6]1>>[c:1]1[c:2][c:3][c:4](-[C](=[O])-[O]-[C:7])[c:5][c:6]1,https://doi.org/10.1021/acs.jmedchem.4c00026
*c1ccnc(NC)n1,*c1cccc(NC)c1,0.2727,[c:1]1[c:2][n:3][c:4](-[N:7])[n:5][c:6]1>>[c:1]1[c:2][c:3][c:4](-[N:7])[c:5][c:6]1,https://doi.org/10.1021/acs.jmedchem.4c00026
*c1ccnc(NC)n1,*c1coc(NC)n1,0.3438,[c:1]1[n:2][c:3][n:4][c:5][c]1>>[c:1]1[o:2][c:3][n:4][c:5]1,https://doi.org/10.1021/acs.jmedchem.4c00652
*c1ccnc(NC)n1,*c1cnc(NC)o1,0.303,[c:1]1[n:2][c:3][n:4][c:5][c]1>>[c:1]1[o:2][c:3][n:4][c:5]1,https://doi.org/10.1021/acs.jmedchem.4c00652
*c1ccnc(NC)n1,*C12N=CN=C1C=NC(NC)=N2,0.186,[N:7]-[c:1]1[n:2][c:3][c:4][c:5][n:6]1>>[N:7]-[c:1]1[n:2][c:3][c:4]2[n][c][n][c:5]2[n:6]1,https://doi.org/10.1021/acs.jmedchem.2c00568
*c1ccnc(NC)n1,*c1ccnc(N)n1,0.4643,[*:1][c:2]1[c:3][c:4][n:5][c:6]([N:7][C])[n:9]1>>[*:1][c:2]1[c:3][c:4][n:5][c:6]([N:7])[n:9]1,https://doi.org/10.1021/acs.jmedchem.1c00382
*c1ccnc(NC)n1,*c1cc(NC)ccn1,0.4667,[*:1]-[c:2]1[n:3][c:4][c:5][c:6][n:7]1>>[*:1]-[c:2]1[c:3][c:4][n:5][c:6][c:7]1,https://dx.doi.org/10.1021/acs.jmedchem.1c00034
*c1ccnc(NC)n1,*c1cc(NC)co1,0.2353,[*:7][c:2]1[c:3][c:4][n][c:6]([*:1])[n]1>>[*:1][c:2]1[c:4]o[c:6]([*:7])[c:3]1,https://doi.org/10.1021/acs.jmedchem.1c01215
*c1ccnc(NC)n1,*c1cc(NC)ccc1OC,0.2432,[c:1]1[c:2][n][c:4][n][c:6]1>>CO[c:1]1[c:2]c[c:4]c[c:6]1,https://doi.org/10.1021/acs.jmedchem.4c00094
*c1ccnc(NC)n1,*c1ccnc(NC2COC2)n1,0.5,[*:1][N:2][C:3]>>[*:1][N:2][C:3]1COC1,https://doi.org/10.1021/acs.jmedchem.1c01509
*c1ccnc(NC)n1,*c1cc(C)c(Cl)cc1NC,0.2162,[*:1][c:2]1[c:9][c:7]n[c:3]n1>>[*:1][c:2]1[c:3][c][c]([Cl])[c:7]([C])[c:9]1,https://doi.org/10.1016/j.ejmech.2022.114483
*c1ccnc(NC)n1,*c1ccc(F)c(NC)c1C,0.25,[*:1][c:2]1[c:3][c:5]n[c:7]n1>>[*:1][c:2]1[c:3][c][c:5]([F])[c:7][c]1[C],https://doi.org/10.1016/j.ejmech.2022.114483
*c1ccnc(NC)n1,*c1cc(Cl)c(NC)cc1OC,0.2,[*:1][c:2]1[c:3][c:4]n[c:6]n1>>[*:1][c:2]1[c:3][c:4]([Cl])[c:6][c][c]1[O][C],https://doi.org/10.1016/j.ejmech.2022.114483
*c1ccnc(NC)n1,*c1ccc(OCNC)c(Cl)c1,0.2195,[*:1][c:2]1[c:10][c:3]n[c:7]n1>>[*:1][c:2]1[c:3][c][c]([O][C:7])[c]([Cl])[c:10]1,https://doi.org/10.1016/j.ejmech.2022.114483
*c1ccnc(NC)n1,*c1cc2c(cc1NC)CCC2,0.2162,[*:1][c:2]1[c:7][c:6]n[c:3]n1>>[*:1][c:2]1[c:3][c][c]2[c:6]([c:7]1)[C][C][C]2,https://doi.org/10.1016/j.ejmech.2022.114483
*c1ccnc(NC)n1,*c1ccc(C(F)(F)F)c(NC)n1,0.3714,[*:1][c:2]1[c:3][c:4]n[c:10][n:11]1>>[*:1][c:2]1[c:3][c:4][c]([C]([F])([F])[F])[c:10][n:11]1,https://doi.org/10.1016/j.ejmech.2022.114483
*c1ccnc(NC)n1,*c1cc2c[nH]nc2cc1NC,0.2564,[*:1][c:2]1[c:10][c:9][n:7][c:3][n:6]1>>[*:1][c:2]1[c:3][c][c]2[n:6][nH:7][c][c:9]2[c:10]1,https://doi.org/10.1016/j.ejmech.2022.114483
*c1ccnc(NC)n1,*c1ccc(NC)cc1OC(C)C,0.2564,[*:1][c:2]1[c:3][c:4]n[c:5]n1>>[*:1][c:2]1[c:3][c:4][c:5][c][c]1[O][C]([C])[C],https://doi.org/10.1016/j.ejmech.2022.114483
*c1ccnc(NC)n1,*c1c(Cl)cccc1CNC,0.2051,[*:1][c:2]1[c:3][c:5]n[c:4]n1>>[*:1][c:2]1[c:3]([C:4])[c:5][c][c][c]1[Cl],https://doi.org/10.1016/j.ejmech.2022.114483
*c1ccnc(NC)n1,*c1ccc(-c2cccnc2NC)cc1,0.3514,[*:1][c:2]1[c:3][c:9][n:10][c:11]n1>>[*:1][c:2]1[c:3][c][c](-[c]2[c][c][c:9][n:10][c:11]2)[c][c]1,https://doi.org/10.1016/j.ejmech.2022.114483
*c1ccnc(NC)n1,*c1cc(CNC)ccc1F,0.2051,[*:1][c:2]1[c:3][c:4]n[c:5]n1>>[*:1][c:2]1[c:3][c:4]([C:5])[c][c][c]1[F],https://doi.org/10.1016/j.ejmech.2022.114483
*c1ccnc(NC)n1,*c1ccc(C#N)c(NC)n1,0.3714,[*:1][c:2]1[c:3][c:4][n:7][c:8][n:9]1>>[*:1][c:2]1[c:3][c:4][c]([C]#[N:7])[c:8][n:9]1,https://doi.org/10.1016/j.ejmech.2022.114483
*c1ccnc(NC)n1,*c1ccc(NC)nc1OC,0.3143,[*:1][c:2]1[c:3][c:4]n[c:5][n:6]1>>[*:1][c:2]1[c:3][c:4][c:5][n:6][c]1[O][C],https://doi.org/10.1016/j.ejmech.2022.114483
*c1ccnc(NC)n1,*c1ccc(C(NC)N2CCCC2)cc1,0.1951,[*:1][c:2]1[c:3][c:4]n[c:6][n:7]1>>[*:1][c:2]1[c:3][c:4][c]([C:6][N:7]2[C][C][C][C]2)[c][c]1,https://doi.org/10.1016/j.ejmech.2022.114483
*c1ccnc(NC)n1,*c1cc(F)c(NC)cc1Cl,0.2105,[*:1][c:2]1[c:3][c:4]n[c:6]n1>>[*:1][c:2]1[c:3][c:4]([F])[c:6][c][c]1[Cl],https://doi.org/10.1016/j.ejmech.2022.114483
*c1ccnc(NC)n1,*C1CCC(NC)c2ccccc21,0.175,[*:1][c:2]1[c:3][c:4]n[c:5]n1>>[*:1][C:2]1[C:3][C:4][C:5][c]2[c][c][c][c][c]21,https://doi.org/10.1016/j.ejmech.2022.114483
*c1ccnc(NC)n1,*c1ccc(C#C)c(NC)c1,0.2368,[*:1][c:2]1[c:3][c:4]n[c:8]n1>>[*:1][c:2]1[c:3][c:4][c]([C]#[C])[c:8][c]1,https://doi.org/10.1016/j.ejmech.2022.114483
*c1ccnc(NC)n1,*c1cc(Br)c(F)cc1NC,0.2105,[*:1][c:2]1[c:9][c:7]n[c:3]n1>>[*:1][c:2]1[c:3][c][c]([F])[c:7]([Br])[c:9]1,https://doi.org/10.1016/j.ejmech.2022.114483
*c1ccnc(NC)n1,*c1cc(Cl)c(NC)cn1,0.3143,[*:1][c:2]1[c:3][c:4]n[c:6][n:8]1>>[*:1][c:2]1[c:3][c:4]([Cl])[c:6][c][n:8]1,https://doi.org/10.1016/j.ejmech.2022.114483
*c1ccnc(NC)n1,*c1cc(Cl)ccc1CNC,0.2051,[*:1][c:2]1[c:3][c:4]n[c:9]n1>>[*:1][c:2]1[c:3][c:4]([Cl])[c][c][c]1[C:9],https://doi.org/10.1016/j.ejmech.2022.114483
*c1ccnc(NC)n1,*c1c(NC)ccc2c1OCCO2,0.225,[*:1][c:2]1[c:7][c:6]n[c:3]n1>>[*:1][c:2]1[c:3][c][c][c:6]2[c:7]1[O][C][C][O]2,https://doi.org/10.1016/j.ejmech.2022.114483
*c1ccnc(NC)n1,*c1cc(Br)c(NC)s1,0.2222,[*:1][c:2]1[c:3][c:4]n[c:6]n1>>[*:1][c:2]1[c:3][c:4]([Br])[c:6][s]1,https://doi.org/10.1016/j.ejmech.2022.114483
*c1ccnc(NC)n1,*c1cc(F)c(NC)cc1O,0.2105,[*:1][c:2]1[c:3][c:4]n[c:6]n1>>[*:1][c:2]1[c:3][c:4]([F])[c:6][c][c]1[O],https://doi.org/10.1016/j.ejmech.2022.114483
*c1ccnc(NC)n1,*c1c(CC)cccc1C(C)NC,0.1905,[*:1][c:2]1[c:3][c:6]n[c:4]n1>>[*:1][c:2]1[c:3]([C:4][C])[c:6][c][c][c]1[C][C],https://doi.org/10.1016/j.ejmech.2022.114483
*c1ccnc(NC)n1,*c1cccc(-c2ccsc2NC)c1,0.2093,[*:1][c:2]1[c:12][c:3]n[c:11]n1>>[*:1][c:2]1[c:3][c][c][c](-[c]2[c][c][s][c:11]2)[c:12]1,https://doi.org/10.1016/j.ejmech.2022.114483
*c1ccnc(NC)n1,*c1cnn(C(C)NC)c1,0.2051,[*:1][c:2]1[c:8][c:3][n:4][c:6][n:5]1>>[*:1][c:2]1[c:3][n:4][n:5]([C:6][C])[c:8]1,https://doi.org/10.1016/j.ejmech.2022.114483
*c1ccnc(NC)n1,*c1ccc(-c2ccsc2NC)cc1,0.2368,[*:1][c:2]1[c:7][c:3]n[c:10]n1>>[*:1][c:2]1[c:3][c][c](-[c]2[c:7][c][s][c:10]2)[c][c]1,https://doi.org/10.1016/j.ejmech.2022.114483
*c1ccnc(NC)n1,*c1ccc(NC)c(OC)c1F,0.2308,[*:1][c:2]1[c:3][c:4]n[c:5]n1>>[*:1][c:2]1[c:3][c:4][c:5][c]([O][C])[c]1[F],https://doi.org/10.1016/j.ejmech.2022.114483
*c1ccnc(NC)n1,*c1c(Br)cc(Br)cc1NC,0.2571,[*:1][c:2]1[c:8][c:5]n[c:3]n1>>[*:1][c:2]1[c:3][c][c:5]([Br])[c][c:8]1[Br],https://doi.org/10.1016/j.ejmech.2022.114483
*c1ccnc(NC)n1,*c1ccc(NC)c(C(F)(F)F)c1F,0.2632,[*:1][c:2]1[c:3][c:4]n[c:5]n1>>[*:1][c:2]1[c:3][c:4][c:5][c]([C]([F])([F])[F])[c]1[F],https://doi.org/10.1016/j.ejmech.2022.114483
*c1ccnc(NC)n1,*c1c(F)cc(NC)c(F)c1F,0.2222,[*:1][c:2]1[c:3][c:5]n[c:6]n1>>[*:1][c:2]1[c:3]([F])[c:5][c:6][c]([F])[c]1[F],https://doi.org/10.1016/j.ejmech.2022.114483
*c1ccnc(NC)n1,*c1cc(C)c(Br)cc1NC,0.2162,[*:1][c:2]1[c:9][c:7]n[c:3]n1>>[*:1][c:2]1[c:3][c][c]([Br])[c:7]([C])[c:9]1,https://doi.org/10.1016/j.ejmech.2022.114483
*c1ccnc(NC)n1,*c1cc(Cl)cc(C)c1NC,0.2162,[*:1][c:2]1[c:9][c:4]n[c:3]n1>>[*:1][c:2]1[c:3][c:4]([C])[c][c]([Cl])[c:9]1,https://doi.org/10.1016/j.ejmech.2022.114483
*c1ccnc(NC)n1,*c1nc(-c2cccc(NC)c2)cs1,0.2558,[*:1][c:2]1[c:4][c:8]n[c:9][n:3]1>>[*:1][c:2]1[n:3][c:4](-[c]2[c][c][c:8][c:9][c]2)[c][s]1,https://doi.org/10.1016/j.ejmech.2022.114483
*c1ccnc(NC)n1,*c1cc(Cl)c(Cl)c(Cl)c1NC,0.2286,[*:1][c:2]1[c:10][c:8]n[c:3]n1>>[*:1][c:2]1[c:3][c]([Cl])[c]([Cl])[c:8]([Cl])[c:10]1,https://doi.org/10.1016/j.ejmech.2022.114483
*c1ccnc(NC)n1,*c1cc(-c2nn[nH]n2)ccc1NC,0.2326,[*:1][c:2]1[c:12][c:6][n:8][c:3][n:11]1>>[*:1][c:2]1[c:3][c][c][c:6](-[c]2[n:8][n][nH][n:11]2)[c:12]1,https://doi.org/10.1016/j.ejmech.2022.114483
*c1ccnc(NC)n1,*c1c(F)c(F)c(NC)c(F)c1F,0.2188,[*:1][c:2]1[c:3][c:5]n[c:7]n1>>[*:1][c:2]1[c:3]([F])[c:5]([F])[c:7][c]([F])[c]1[F],https://doi.org/10.1016/j.ejmech.2022.114483
*c1ccnc(NC)n1,*c1cc(CC#N)ccc1NC,0.2564,[*:1][c:2]1[c:10][c:6]n[c:3][n:9]1>>[*:1][c:2]1[c:3][c][c][c:6]([C][C]#[N:9])[c:10]1,https://doi.org/10.1016/j.ejmech.2022.114483
*c1ccnc(NC)n1,*c1cccc(-c2ccnc(NC)c2)c1,0.3421,[*:1][c:2]1[c:13][c:3][n:10][c:11]n1>>[*:1][c:2]1[c:3][c][c][c](-[c]2[c][c][n:10][c:11][c]2)[c:13]1,https://doi.org/10.1016/j.ejmech.2022.114483
*c1ccnc(NC)n1,*c1cc(OCNC)cc(C(F)(F)F)c1,0.186,[*:1][c:2]1[c:3][c:4]n[c:6]n1>>[*:1][c:2]1[c:3][c:4]([O][C:6])[c][c]([C]([F])([F])[F])[c]1,https://doi.org/10.1016/j.ejmech.2022.114483
*c1ccnc(NC)n1,*c1ccc(C(NC)NC)cc1,0.2424,[*:1][c:2]1[c:3][c:4]n[c:6][n:7]1>>[*:1][c:2]1[c:3][c:4][c]([C:6][N:7][C])[c][c]1,https://doi.org/10.1016/j.ejmech.2022.114483
*c1ccnc(NC)n1,*c1cc(F)c(NC)c(F)c1F,0.2222,[*:1][c:2]1[c:3][c:4]n[c:6]n1>>[*:1][c:2]1[c:3][c:4]([F])[c:6][c]([F])[c]1[F],https://doi.org/10.1016/j.ejmech.2022.114483
*c1ccnc(NC)n1,*c1cc(C)c(Cl)c(C)c1NC,0.2162,[*:1][c:2]1[c:10][c:8]n[c:3]n1>>[*:1][c:2]1[c:3][c]([C])[c]([Cl])[c:8]([C])[c:10]1,https://doi.org/10.1016/j.ejmech.2022.114483
*c1ccnc(NC)n1,*c1cc(C(F)(F)F)c(OC)cc1NC,0.186,[*:1][c:2]1[c:13][c:8]n[c:3]n1>>[*:1][c:2]1[c:3][c][c]([O][C])[c:8]([C]([F])([F])[F])[c:13]1,https://doi.org/10.1016/j.ejmech.2022.114483
*c1ccnc(NC)n1,*c1cc(Br)cc(C)c1NC,0.2162,[*:1][c:2]1[c:9][c:7]n[c:3]n1>>[*:1][c:2]1[c:3][c]([C])[c][c:7]([Br])[c:9]1,https://doi.org/10.1016/j.ejmech.2022.114483
*c1ccnc(NC)n1,*c1c(CNC)ccc2ccccc12,0.2308,[*:1][c:2]1[c:3][c:5]n[c:4]n1>>[*:1][c:2]1[c:3]([C:4])[c:5][c][c]2[c][c][c][c][c]12,https://doi.org/10.1016/j.ejmech.2022.114483
*c1ccnc(NC)n1,*c1cnc(C)c(NC)n1,0.3636,[*:1][c:2]1[c:3][c:5][n:4][c:7][n:8]1>>[*:1][c:2]1[c:3][n:4][c:5]([C])[c:7][n:8]1,https://doi.org/10.1016/j.ejmech.2022.114483
*c1ccnc(NC)n1,*c1ccc(NC)cc1OCCCC,0.2381,[*:1][c:2]1[c:3][c:4]n[c:5]n1>>[*:1][c:2]1[c:3][c:4][c:5][c][c]1[O][C][C][C][C],https://doi.org/10.1016/j.ejmech.2022.114483
*c1ccnc(NC)n1,*c1cc(C(F)(F)F)c(C)cc1NC,0.2,[*:1][c:2]1[c:12][c:7]n[c:3]n1>>[*:1][c:2]1[c:3][c][c]([C])[c:7]([C]([F])([F])[F])[c:12]1,https://doi.org/10.1016/j.ejmech.2022.114483
*c1ccnc(NC)n1,*c1c(Br)cc(NC)cc1Br,0.2424,[*:1][c:2]1[c:3][c:5]n[c:6]n1>>[*:1][c:2]1[c:3]([Br])[c:5][c:6][c][c]1[Br],https://doi.org/10.1016/j.ejmech.2022.114483
*c1ccnc(NC)n1,*c1cc2cc[nH]c2nc1NC,0.2973,[*:1][c:2]1[c:10][c:9][n:4][c:3][n:6]1>>[*:1][c:2]1[c:3][n:4][c]2[nH:6][c][c][c:9]2[c:10]1,https://doi.org/10.1016/j.ejmech.2022.114483
*c1ccnc(NC)n1,*C1CCN(C(C)(C)NC)CC1,0.1,[*:1][c:2]1[c:3][c:4][n:5][c:6]n1>>[*:1][C:2]1[C:3][C:4][N:5]([C:6]([C])[C])[C][C]1,https://doi.org/10.1016/j.ejmech.2022.114483
*c1ccnc(NC)n1,*c1cc(OCNC)ccc1F,0.2195,[*:1][c:2]1[c:3][c:4]n[c:6]n1>>[*:1][c:2]1[c:3][c:4]([O][C:6])[c][c][c]1[F],https://doi.org/10.1016/j.ejmech.2022.114483
*c1ccnc(NC)n1,*c1cc(OCCCC)ccc1NC,0.2439,[*:1][c:2]1[c:12][c:6]n[c:3]n1>>[*:1][c:2]1[c:3][c][c][c:6]([O][C][C][C][C])[c:12]1,https://doi.org/10.1016/j.ejmech.2022.114483
*c1ccnc(NC)n1,*c1c(O)cc(C)cc1NC,0.25,[*:1][c:2]1[c:7][c:5]n[c:3]n1>>[*:1][c:2]1[c:3][c][c:5]([C])[c:7][c]1[O],https://doi.org/10.1016/j.ejmech.2022.114483
*c1ccnc(NC)n1,*c1ccc(C#N)c(NC)c1F,0.225,[*:1][c:2]1[c:3][c:4][n:7][c:8]n1>>[*:1][c:2]1[c:3][c:4][c]([C]#[N:7])[c:8][c]1[F],https://doi.org/10.1016/j.ejmech.2022.114483
*c1ccnc(NC)n1,*c1cccc(N2CCNCC2NC)c1,0.16,[*:1][c:2]1[c:13][c:3][n:10][c:8][n:7]1>>[*:1][c:2]1[c:3][c][c][c]([N:7]2[C:8][C][N:10][C][C]2)[c:13]1,https://doi.org/10.1016/j.ejmech.2022.114483
*c1ccnc(NC)n1,*c1c(NC)cc(Cl)c(Cl)c1Cl,0.2941,[*:1][c:2]1[c:9][c:7]n[c:3]n1>>[*:1][c:2]1[c:3][c][c]([Cl])[c:7]([Cl])[c:9]1[Cl],https://doi.org/10.1016/j.ejmech.2022.114483
*c1ccnc(NC)n1,*c1ccnc(NC)c1Cl,0.4375,[*:1][c:2]1[c:3][c:4][n:5][c:6]n1>>[*:1][c:2]1[c:3][c:4][n:5][c:6][c]1[Cl],https://doi.org/10.1016/j.ejmech.2022.114483
*c1ccnc(NC)n1,*c1cc(OC)c(Br)c(OCNC)c1,0.186,[*:1][c:2]1[c:3][c:4]n[c:6]n1>>[*:1][c:2]1[c:3][c:4]([O][C:6])[c]([Br])[c]([O][C])[c]1,https://doi.org/10.1016/j.ejmech.2022.114483
*c1ccnc(NC)n1,*c1c(Br)cc(F)cc1NC,0.2432,[*:1][c:2]1[c:8][c:5]n[c:3]n1>>[*:1][c:2]1[c:3][c][c:5]([F])[c][c:8]1[Br],https://doi.org/10.1016/j.ejmech.2022.114483
*c1ccnc(NC)n1,*c1cc(O)c(F)cc1NC,0.2105,[*:1][c:2]1[c:9][c:7]n[c:3]n1>>[*:1][c:2]1[c:3][c][c]([F])[c:7]([O])[c:9]1,https://doi.org/10.1016/j.ejmech.2022.114483
*c1ccnc(NC)n1,*c1c(Cl)cc(NC)c(Cl)c1Cl,0.2647,[*:1][c:2]1[c:3][c:5]n[c:6]n1>>[*:1][c:2]1[c:3]([Cl])[c:5][c:6][c]([Cl])[c]1[Cl],https://doi.org/10.1016/j.ejmech.2022.114483
*c1ccnc(NC)n1,*c1cc2c(cc1NC)CCO2,0.1905,[*:1][c:2]1[c:7][c:6]n[c:3]n1>>[*:1][c:2]1[c:3][c][c]2[c:6]([c:7]1)[O][C][C]2,https://doi.org/10.1016/j.ejmech.2022.114483
*c1ccnc(NC)n1,*c1ccc(C(C)NC)o1,0.2222,[*:1][c:2]1[c:3][c:4]n[c:6]n1>>[*:1][c:2]1[c:3][c:4][c]([C:6][C])[o]1,https://doi.org/10.1016/j.ejmech.2022.114483
*c1ccnc(NC)n1,*c1cccc(-n2ccnc2NC)c1,0.325,[*:1][c:2]1[c:12][c:3][n:10][c:11][n:7]1>>[*:1][c:2]1[c:3][c][c][c](-[n:7]2[c][c][n:10][c:11]2)[c:12]1,https://doi.org/10.1016/j.ejmech.2022.114483
*c1ccnc(NC)n1,*C1CCC(C(C)(C)CNC)CC1,0.125,[*:1][c:2]1[c:11][c:3]n[c:8]n1>>[*:1][C:2]1[C:3][C][C]([C]([C])([C:8])[C])[C][C:11]1,https://doi.org/10.1016/j.ejmech.2022.114483
*c1ccnc(NC)n1,*c1ccc(NC)c(C)c1F,0.25,[*:1][c:2]1[c:3][c:4]n[c:5]n1>>[*:1][c:2]1[c:3][c:4][c:5][c]([C])[c]1[F],https://doi.org/10.1016/j.ejmech.2022.114483
*c1ccnc(NC)n1,*c1ccc(-c2ccccc2)nc1NC,0.2895,[*:1][c:2]1[c:3][c:9]n[c:13][n:12]1>>[*:1][c:2]1[c:3][c][c](-[c]2[c][c][c:9][c][c]2)[n:12][c:13]1,https://doi.org/10.1016/j.ejmech.2022.114483
*c1ccnc(NC)n1,*c1ccc(O)c(NC)n1,0.4062,[*:1][c:2]1[c:3][c:4]n[c:7][n:8]1>>[*:1][c:2]1[c:3][c:4][c]([O])[c:7][n:8]1,https://doi.org/10.1016/j.ejmech.2022.114483
*c1ccnc(NC)n1,*c1c(NC)cc(Cl)c2ccccc12,0.2632,[*:1][c:2]1[c:12][c:11]n[c:3]n1>>[*:1][c:2]1[c:3][c][c]([Cl])[c]2[c][c][c][c:11][c:12]12,https://doi.org/10.1016/j.ejmech.2022.114483
*c1ccnc(NC)n1,*c1c(F)cccc1CNC,0.2051,[*:1][c:2]1[c:3][c:5]n[c:4]n1>>[*:1][c:2]1[c:3]([C:4])[c:5][c][c][c]1[F],https://doi.org/10.1016/j.ejmech.2022.114483
*c1ccnc(NC)n1,*c1ccc(NC)c(O)c1F,0.25,[*:1][c:2]1[c:3][c:4]n[c:5]n1>>[*:1][c:2]1[c:3][c:4][c:5][c]([O])[c]1[F],https://doi.org/10.1016/j.ejmech.2022.114483
*c1ccnc(NC)n1,*c1sc(-c2ccccn2)cc1NC,0.2927,[*:1][c:2]1[c:7][c:8]n[c:3][n:11]1>>[*:1][c:2]1[c:3][c][c](-[c]2[c:7][c:8][c][c][n:11]2)[s]1,https://doi.org/10.1016/j.ejmech.2022.114483
*c1ccnc(NC)n1,*c1cc(C#N)cc(Cl)c1NC,0.1951,[*:1][c:2]1[c:10][c:7][n:9][c:3]n1>>[*:1][c:2]1[c:3][c]([Cl])[c][c:7]([C]#[N:9])[c:10]1,https://doi.org/10.1016/j.ejmech.2022.114483
*c1ccnc(NC)n1,*c1cc(C(F)(F)F)c(Br)cc1NC,0.1951,[*:1][c:2]1[c:12][c:7]n[c:3]n1>>[*:1][c:2]1[c:3][c][c]([Br])[c:7]([C]([F])([F])[F])[c:12]1,https://doi.org/10.1016/j.ejmech.2022.114483
*c1ccnc(NC)n1,*c1cc2c(cc1NC)OCCC2,0.1818,[*:1][c:2]1[c:7][c:9]n[c:3]n1>>[*:1][c:2]1[c:3][c][c]2[c]([c:7]1)[C][C:9][C][O]2,https://doi.org/10.1016/j.ejmech.2022.114483
*c1ccnc(NC)n1,*c1cc2c(N)[nH]nc2cc1NC,0.2143,[*:1][c:2]1[c:10][c:5][n:6][c:3][n:7]1>>[*:1][c:2]1[c:3][c][c:5]2[n:6][nH:7][c]([N])[c:10]2[c]1,https://doi.org/10.1016/j.ejmech.2022.114483
*c1ccnc(NC)n1,*c1c(NC)ccc2c1ccn2C,0.225,[*:1][c:2]1[c:7][c:8]n[c:3][n:10]1>>[*:1][c:2]1[c:3][c][c][c]2[c:7]1[c:8][c][n:10]2[C],https://doi.org/10.1016/j.ejmech.2022.114483
*c1ccnc(NC)n1,*c1cc2c(cc1NC)NC(=O)CC2,0.2143,[*:1][c:2]1[c:7][c:9]n[c:3][n:12]1>>[*:1][c:2]1[c:3][c][c]2[c]([c:7]1)[C][C:9][C](=[O])[N:12]2,https://doi.org/10.1016/j.ejmech.2022.114483
*c1ccnc(NC)n1,*c1nc(NC)ccc1N,0.3235,[*:1][c:2]1[c:6][c:5][n:8][c:4][n:3]1>>[*:1][c:2]1[n:3][c:4][c:5][c:6][c]1[N:8],https://doi.org/10.1016/j.ejmech.2022.114483
*c1ccnc(NC)n1,*c1cc(Cl)c(OC(F)(F)F)cc1NC,0.1818,[*:1][c:2]1[c:13][c:11]n[c:3]n1>>[*:1][c:2]1[c:3][c][c]([O][C]([F])([F])[F])[c:11]([Cl])[c:13]1,https://doi.org/10.1016/j.ejmech.2022.114483
*c1ccnc(NC)n1,*c1cc(OC)c(N)cc1NC,0.2,[*:1][c:2]1[c:10][c:7]n[c:3][n:6]1>>[*:1][c:2]1[c:3][c][c]([N:6])[c:7]([O][C])[c:10]1,https://doi.org/10.1016/j.ejmech.2022.114483
*c1ccnc(NC)n1,*c1cn(C2CCOCC2)nc1NC,0.2,[*:1][c:2]1[c:7][c:6][n:5][c:3][n:4]1>>[*:1][c:2]1[c:3][n:4][n:5]([C:6]2[C:7][C][O][C][C]2)[c]1,https://doi.org/10.1016/j.ejmech.2022.114483
*c1ccnc(NC)n1,*c1c(CNC)cccc1C(C)C,0.1951,[*:1][c:2]1[c:3][c:5]n[c:4]n1>>[*:1][c:2]1[c:3]([C:4])[c:5][c][c][c]1[C]([C])[C],https://doi.org/10.1016/j.ejmech.2022.114483
*c1ccnc(NC)n1,*c1nc(NC)[nH]c1C,0.2647,[*:1][c:2]1[c:7][c:6][n:5][c:4][n:3]1>>[*:1][c:2]1[n:3][c:4][nH:5][c:6]1[C:7],https://doi.org/10.1016/j.ejmech.2022.114483
*c1ccnc(NC)n1,*c1c(NC)ccc(Cl)c1C#N,0.225,[*:1][c:2]1[c:8][c:6][n:10][c:3]n1>>[*:1][c:2]1[c:3][c][c][c:6]([Cl])[c:8]1[C]#[N:10],https://doi.org/10.1016/j.ejmech.2022.114483
*c1ccnc(NC)n1,*c1cccc(-n2cccc2NC)c1,0.2143,[*:1][c:2]1[c:12][c:3]n[c:8][n:7]1>>[*:1][c:2]1[c:3][c][c][c](-[n:7]2[c:8][c][c][c]2)[c:12]1,https://doi.org/10.1016/j.ejmech.2022.114483
*c1ccnc(NC)n1,*C1C(C)(C)C1(C)CNC,0.1111,[*:1][c:6]1[c:2][c:3]n[c:5]n1>>[*:1][C:2]1[C:3]([C])([C:5])[C:6]1([C])[C],https://doi.org/10.1016/j.ejmech.2022.114483
*c1ccnc(NC)n1,*c1nc(NC)c(C(F)(F)F)cc1Cl,0.2439,[*:1][c:2]1[c:11][c:5]n[c:4][n:3]1>>[*:1][c:2]1[n:3][c:4][c:5]([C]([F])([F])[F])[c][c:11]1[Cl],https://doi.org/10.1016/j.ejmech.2022.114483
*c1ccnc(NC)n1,*c1cc2c(cc1NC)CCNC2,0.1951,[*:1][c:2]1[c:7][c:6][n:9][c:3]n1>>[*:1][c:2]1[c:3][c][c]2[c:6]([c:7]1)[C][N:9][C][C]2,https://doi.org/10.1016/j.ejmech.2022.114483
*c1ccnc(NC)n1,*c1cc(O)c(Cl)cc1NC,0.2105,[*:1][c:2]1[c:9][c:7]n[c:3]n1>>[*:1][c:2]1[c:3][c][c]([Cl])[c:7]([O])[c:9]1,https://doi.org/10.1016/j.ejmech.2022.114483
*c1ccnc(NC)n1,*c1cc(F)c(NC)c(F)c1O,0.2051,[*:1][c:2]1[c:3][c:4]n[c:6]n1>>[*:1][c:2]1[c:3][c:4]([F])[c:6][c]([F])[c]1[O],https://doi.org/10.1016/j.ejmech.2022.114483
*c1ccnc(NC)n1,*c1ccc(N(C)C(C)=O)cc1NC,0.2093,[*:1][c:2]1[c:9][c:8][n:6][c:3]n1>>[*:1][c:2]1[c:3][c][c]([N:6]([C])[C:8]([C:9])=[O])[c][c]1,https://doi.org/10.1016/j.ejmech.2022.114483
*c1ccnc(NC)n1,*c1ccc(NC)cc1SC(F)(F)F,0.2195,[*:1][c:2]1[c:3][c:4]n[c:5]n1>>[*:1][c:2]1[c:3][c:4][c:5][c][c]1[S][C]([F])([F])[F],https://doi.org/10.1016/j.ejmech.2022.114483
*c1ccnc(NC)n1,*c1ccc2c(NC)nccc2c1,0.4286,[*:1][c:2]1[c:11][c:3][n:7][c:6]n1>>[*:1][c:2]1[c:3][c][c]2[c:6][n:7][c][c][c]2[c:11]1,https://doi.org/10.1016/j.ejmech.2022.114483
*c1ccnc(NC)n1,*c1c(CCCC)cccc1NC,0.2195,[*:1][c:2]1[c:7][c:10]n[c:3]n1>>[*:1][c:2]1[c:3][c][c][c][c:7]1[C][C][C:10][C],https://doi.org/10.1016/j.ejmech.2022.114483
*c1ccnc(NC)n1,*c1ccc(NC)cc1OCOC,0.2439,[*:1][c:2]1[c:3][c:4]n[c:5]n1>>[*:1][c:2]1[c:3][c:4][c:5][c][c]1[O][C][O][C],https://doi.org/10.1016/j.ejmech.2022.114483
*c1ccnc(NC)n1,*N1CCC(F)(F)C1NC,0.1538,[*:1][c:5]1[c:4][c:3][n:2][c:8]n1>>[*:1][N:2]1[C:3][C:4][C:5]([F])([F])[C:8]1,https://doi.org/10.1016/j.ejmech.2022.114483
*c1ccnc(NC)n1,*c1ccc(-c2ccoc2)cc1NC,0.2439,[*:1][c:2]1[c:7][c:6]n[c:3]n1>>[*:1][c:2]1[c:3][c][c](-[c:6]2[c:7][c][o][c]2)[c][c]1,https://doi.org/10.1016/j.ejmech.2022.114483
*c1ccnc(NC)n1,*c1cccc2c1OCO2,0.1282,[*:1][c:2]1[c:3][c:4]n[c:5](N)n1>>[*:1][c:2]1[c:3][c:4][c:5][c]2[c]1[O][C][O]2,https://doi.org/10.1016/j.ejmech.2022.114483
*c1ccnc(NC)n1,*c1cccc(O)c1O,0.1515,[*:1][c:2]1[c:3][c:4]n[c:5](N)n1>>[*:1][c:2]1[c:3][c:4][c:5][c]([O])[c]1[O],https://doi.org/10.1016/j.ejmech.2022.114483
*c1ccnc(NC)n1,*c1cc(F)ccc1O,0.1389,[*:1][c:2]1[c:3][c:6]n[c:4](N)n1>>[*:1][c:2]1[c:3][c:4]([F])[c:6][c][c]1[O],https://doi.org/10.1016/j.ejmech.2022.114483
*c1ccnc(NC)n1,*c1cc(Cl)ccc1OC,0.1579,[*:1][c:2]1[c:3][c:7]n[c:4](N)n1>>[*:1][c:2]1[c:3][c:4]([Cl])[c][c:7][c]1[O][C],https://doi.org/10.1016/j.ejmech.2022.114483
*c1ccnc(NC)n1,*c1ccc(-c2nccs2)cc1,0.2162,[*:1][c:2]1[c:3][c:4]n[c:5](N)[n:7]1>>[*:1][c:2]1[c:3][c:4][c:5](-[c]2[n:7][c][c][s]2)[c][c]1,https://doi.org/10.1016/j.ejmech.2022.114483
*c1ccnc(NC)n1,*c1ccc(F)c(OC)c1,0.1579,[*:1][c:2]1[c:10][c:3]n[c:4](N)n1>>[*:1][c:2]1[c:3][c:4][c]([F])[c]([O][C])[c:10]1,https://doi.org/10.1016/j.ejmech.2022.114483
*c1ccnc(NC)n1,*n1ccc2ccccc21,0.1714,[*:1][c:5]1[c:4][c:3][n:2][c:6](N)n1>>[*:1][n:2]1[c:3][c:4][c:5]2[c:6][c][c][c][c]12,https://doi.org/10.1016/j.ejmech.2022.114483
*c1ccnc(NC)n1,*c1ncccc1C(F)(F)F,0.2222,[*:1][c:8]1[c:7][c:6]n[c:2](N)[n:3]1>>[*:1][c:2]1[n:3][c][c][c:6][c:7]1[C:8]([F])([F])[F],https://doi.org/10.1016/j.ejmech.2022.114483
*c1ccnc(NC)n1,*c1cncc(CO)c1,0.1316,[*:1][c:2]1[c:9][c:6][n:4][c:3](N)n1>>[*:1][c:2]1[c:3][n:4][c][c:6]([C][O])[c:9]1,https://doi.org/10.1016/j.ejmech.2022.114483
*c1ccnc(NC)n1,*c1c(NC)cccc1OC,0.2432,[*:1][c:2]1n[c:3][c:6][c:9]n1>>[*:1][c:2]1[c:3][c][c][c:6]([O][C])[c:9]1,https://doi.org/10.1016/j.ejmech.2022.114483
*c1ccnc(NC)n1,*c1ccc(OC)cc1NC,0.2432,[*:1][c:2]1n[c:3][c:6][c:9]n1>>[*:1][c:2]1[c:3][c][c][c:6]([O][C])[c:9]1,https://doi.org/10.1016/j.ejmech.2022.114483
*c1ccnc(NC)n1,*c1nc(NC)ccc1F,0.3235,[*:1][c:2]1n[c:3][c:5][c:7][n:8]1>>[*:1][c:2]1[c:3][c][c:5]([F])[c:7][n:8]1,https://doi.org/10.1016/j.ejmech.2022.114483
*c1ccnc(NC)n1,*c1cc(F)cnc1NC,0.2778,[*:1][c:2]1n[c:3][c:5][c:7][n:8]1>>[*:1][c:2]1[c:3][c][c:5]([F])[c:7][n:8]1,https://doi.org/10.1016/j.ejmech.2022.114483
*c1ccnc(NC)n1,*c1cc(C)cc(NC)n1,0.3333,[*:1][c:2]1n[c:3][c:6][c:7][n:8]1>>[*:1][c:2]1[c:3][c]([C])[c:6][c:7][n:8]1,https://doi.org/10.1016/j.ejmech.2022.114483
*c1ccnc(NC)n1,*c1c(C)ccnc1NC,0.4516,[*:1][c:2]1n[c:3][c:6][c:7][n:8]1>>[*:1][c:2]1[c:3][c]([C])[c:6][c:7][n:8]1,https://doi.org/10.1016/j.ejmech.2022.114483
*c1ccnc(NC)n1,*c1cc(C)cc(NC)c1,0.2353,[*:1][c:2]1n[c:3][c:5][c:4]n1>>[*:1][c:2]1[c:3][c:4][c:5][c]([C])[c]1,https://doi.org/10.1016/j.ejmech.2022.114483
*c1ccnc(NC)n1,*c1ccc(C)cc1NC,0.2647,[*:1][c:2]1n[c:3][c:5][c:4]n1>>[*:1][c:2]1[c:3][c:4][c:5][c]([C])[c]1,https://doi.org/10.1016/j.ejmech.2022.114483
*c1ccnc(NC)n1,*c1nc(NC)cs1,0.303,[*:1][c:2]1n[c:3]c[c:5][n:6]1>>[*:1][c:2]1[c:3][s][c:5][n:6]1,https://doi.org/10.1016/j.ejmech.2022.114483
*c1ccnc(NC)n1,*c1scnc1NC,0.303,[*:1][c:2]1n[c:3]c[c:5][n:6]1>>[*:1][c:2]1[c:3][s][c:5][n:6]1,https://doi.org/10.1016/j.ejmech.2022.114483
*c1ccnc(NC)n1,*c1cc(NC)[nH]n1,0.3438,[*:1][c:2]1[n:5][c:4][c:3]c[n:6]1>>[*:1][c:2]1[c:3][c:4][n:5][nH:6]1,https://doi.org/10.1016/j.ejmech.2022.114483
*c1ccnc(NC)n1,*c1nc(NC)ccc1Cl,0.3235,[*:1][c:2]1n[c:3][c:5][c:7][n:8]1>>[*:1][c:2]1[c:3][c][c:5]([Cl])[c:7][n:8]1,https://doi.org/10.1016/j.ejmech.2022.114483
*c1ccnc(NC)n1,*c1cc(Cl)cnc1NC,0.2778,[*:1][c:2]1n[c:3][c:5][c:7][n:8]1>>[*:1][c:2]1[c:3][c][c:5]([Cl])[c:7][n:8]1,https://doi.org/10.1016/j.ejmech.2022.114483
*c1ccnc(NC)n1,*c1cc(NC)ccc1O,0.2571,[*:1][c:2]1n[c:3][c:8][c:7]n1>>[*:1][c:2]1[c:3][c][c]([O])[c:7][c:8]1,https://doi.org/10.1016/j.ejmech.2022.114483
*c1ccnc(NC)n1,*c1cc(O)ccc1NC,0.2571,[*:1][c:2]1n[c:3][c:8][c:7]n1>>[*:1][c:2]1[c:3][c][c]([O])[c:7][c:8]1,https://doi.org/10.1016/j.ejmech.2022.114483
*c1ccnc(NC)n1,*C1CCCC1NC,0.1143,[*:1][c:2]1n[c:3][c:5][c:6]n1>>[*:1][C:2]1[C:3][C][C:5][C:6]1,https://doi.org/10.1016/j.ejmech.2022.114483
*c1ccnc(NC)n1,*c1cnc(NC)[nH]1,0.303,[*:1][c:2]1[n:3]c[c:4][c:5][n:6]1>>[*:1][c:2]1[n:3][c:4][c:5][nH:6]1,https://doi.org/10.1016/j.ejmech.2022.114483
*c1ccnc(NC)n1,*c1c(Cl)ccc(NC)c1Cl,0.2647,[*:1][c:2]1n[c:3][c:8][c:7]n1>>[*:1][c:2]1[c:3][c][c]([Cl])[c:7][c:8]1[Cl],https://doi.org/10.1016/j.ejmech.2022.114483
*c1ccnc(NC)n1,*c1cc(Cl)cc(Cl)c1NC,0.2222,[*:1][c:2]1n[c:3][c:8][c:7]n1>>[*:1][c:2]1[c:3][c][c]([Cl])[c:7][c:8]1[Cl],https://doi.org/10.1016/j.ejmech.2022.114483
*c1ccnc(NC)n1,*c1cc(NC)ccc1-c1ccccc1,0.2308,[*:1][c:6]1n[c:2][c:13][c:12]n1>>[*:1][c:2]1[c][c][c](-[c:6]2[c][c][c][c][c]2)[c:12][c:13]1,https://doi.org/10.1016/j.ejmech.2022.114483
*c1ccnc(NC)n1,*c1cc(NC)cc(F)c1F,0.2286,[*:1][c:2]1n[c:5][c:3][c:4]n1>>[*:1][c:2]1[c:3][c:4][c:5]([F])[c]([F])[c]1,https://doi.org/10.1016/j.ejmech.2022.114483
*c1ccnc(NC)n1,*c1nc(OC)ccc1NC,0.3056,[*:1][c:2]1n[c:3][c:4][c:9][n:8]1>>[*:1][c:2]1[c:3][c:4][c]([O][C])[n:8][c:9]1,https://doi.org/10.1016/j.ejmech.2022.114483
*c1ccnc(NC)n1,*c1cc(OC)ncc1NC,0.2632,[*:1][c:2]1n[c:3][c:4][c:9][n:8]1>>[*:1][c:2]1[c:3][c:4][c]([O][C])[n:8][c:9]1,https://doi.org/10.1016/j.ejmech.2022.114483
*c1ccnc(NC)n1,*Cn1c(NC)nc2ccccc21,0.3077,[*:1][c:2]1[n:3][c:4][c:5][c:11][n:10]1>>[*:1][c:2]1[n:3][c:4]2[c:5][c][c][c][c]2[n:10]1[C:11],https://doi.org/10.1016/j.ejmech.2022.114483
*c1ccnc(NC)n1,*c1occc1NC,0.3125,[*:1][c:2]1n[c:4][c:3][c:6]n1>>[*:1][c:2]1[c:3][c:4][o][c:6]1,https://doi.org/10.1016/j.ejmech.2022.114483
*c1ccnc(NC)n1,*c1nc(C)ccc1NC,0.3333,[*:1][c:2]1n[c:3][c:4][c:8][n:7]1>>[*:1][c:2]1[c:3][c:4][c]([C])[n:7][c:8]1,https://doi.org/10.1016/j.ejmech.2022.114483
*c1ccnc(NC)n1,*c1cc(C)ncc1NC,0.2857,[*:1][c:2]1n[c:3][c:4][c:8][n:7]1>>[*:1][c:2]1[c:3][c:4][c]([C])[n:7][c:8]1,https://doi.org/10.1016/j.ejmech.2022.114483
*c1ccnc(NC)n1,*c1[nH]ncc1NC,0.2647,[*:1][c:2]1[n:4][c:3]c[c:6][n:5]1>>[*:1][c:2]1[c:3][n:4][nH:5][c:6]1,https://doi.org/10.1016/j.ejmech.2022.114483
*c1ccnc(NC)n1,*c1n[nH]cc1NC,0.2647,[*:1][c:2]1[n:4][c:3]c[c:6][n:5]1>>[*:1][c:2]1[c:3][n:4][nH:5][c:6]1,https://doi.org/10.1016/j.ejmech.2022.114483
*c1ccnc(NC)n1,*c1nc(NC)ccc1Br,0.3235,[*:1][c:2]1n[c:3][c:5][c:7][n:8]1>>[*:1][c:2]1[c:3][c][c:5]([Br])[c:7][n:8]1,https://doi.org/10.1016/j.ejmech.2022.114483
*c1ccnc(NC)n1,*c1cc(Br)cnc1NC,0.2778,[*:1][c:2]1n[c:3][c:5][c:7][n:8]1>>[*:1][c:2]1[c:3][c][c:5]([Br])[c:7][n:8]1,https://doi.org/10.1016/j.ejmech.2022.114483
*c1ccnc(NC)n1,*c1c(NC)cccc1S(C)(=O)=O,0.2308,[*:1][c:2]1n[c:3][c:6][c:11]n1>>[*:1][c:2]1[c:3][c][c][c:6]([S]([C])(=[O])=[O])[c:11]1,https://doi.org/10.1016/j.ejmech.2022.114483
*c1ccnc(NC)n1,*c1ccc(S(C)(=O)=O)cc1NC,0.2308,[*:1][c:2]1n[c:3][c:6][c:11]n1>>[*:1][c:2]1[c:3][c][c][c:6]([S]([C])(=[O])=[O])[c:11]1,https://doi.org/10.1016/j.ejmech.2022.114483
*c1ccnc(NC)n1,*c1ccc2cccc(NC)c2n1,0.3714,[*:1][c:2]1n[c:3][c:8][c:9][n:10]1>>[*:1][c:2]1[c:3][c][c][c]2[c][c:8][c:9][n:10][c]12,https://doi.org/10.1016/j.ejmech.2022.114483
*c1ccnc(NC)n1,*c1ccc2cccnc2c1NC,0.3514,[*:1][c:2]1n[c:3][c:8][c:9][n:10]1>>[*:1][c:2]1[c:3][c][c][c]2[c][c:8][c:9][n:10][c]12,https://doi.org/10.1016/j.ejmech.2022.114483
*c1ccnc(NC)n1,*c1cccc2cc(NC)oc12,0.2632,[*:1][c:2]1n[c:3][c:7][c:8]n1>>[*:1][c:2]1[c:3][c]2[c][c][c:7][c:8][c]2[o]1,https://doi.org/10.1016/j.ejmech.2022.114483
*c1ccnc(NC)n1,*c1c(NC)oc2ccccc12,0.2368,[*:1][c:2]1n[c:3][c:7][c:8]n1>>[*:1][c:2]1[c:3][c]2[c][c][c:7][c:8][c]2[o]1,https://doi.org/10.1016/j.ejmech.2022.114483
*c1ccnc(NC)n1,*c1c(NC)cccc1NC(C)=O,0.2368,[*:1][c:2]1[n:7][c:3][c:9][c:11]n1>>[*:1][c:2]1[c:3][c][c][c]([N:7][C]([C:9])=[O])[c:11]1,https://doi.org/10.1016/j.ejmech.2022.114483
*c1ccnc(NC)n1,*c1ccc(NC(C)=O)cc1NC,0.225,[*:1][c:2]1[n:7][c:3][c:9][c:11]n1>>[*:1][c:2]1[c:3][c][c][c]([N:7][C]([C:9])=[O])[c:11]1,https://doi.org/10.1016/j.ejmech.2022.114483
*c1ccnc(NC)n1,*c1ccc(NC)c(F)c1,0.2647,[*:1][c:2]1[c:3][c:4]n[c:5]n1>>[*:1][c:2]1[c:3][c:4][c:5][c]([F])[c]1,https://doi.org/10.1016/j.ejmech.2022.114483
*c1ccnc(NC)n1,*c1cc(CNC)ccn1,0.3824,[*:1][c:2]1[c:3][c:4]n[c:5][n:8]1>>[*:1][c:2]1[c:3][c:4]([C:5])[c][c][n:8]1,https://doi.org/10.1016/j.ejmech.2022.114483
*c1ccnc(NC)n1,*c1cc(Cl)ccc1NC,0.2571,[*:1][c:2]1[c:8][c:6]n[c:3]n1>>[*:1][c:2]1[c:3][c][c][c:6]([Cl])[c:8]1,https://doi.org/10.1016/j.ejmech.2022.114483
*c1ccnc(NC)n1,*c1c(C#N)cccc1NC,0.2432,[*:1][c:2]1[c:7][c:6][n:9][c:3]n1>>[*:1][c:2]1[c:3][c][c][c:6][c:7]1[C]#[N:9],https://doi.org/10.1016/j.ejmech.2022.114483
*c1ccnc(NC)n1,*c1ccnc(NC)c1F,0.4516,[*:1][c:2]1[c:3][c:4][n:5][c:6]n1>>[*:1][c:2]1[c:3][c:4][n:5][c:6][c]1[F],https://doi.org/10.1016/j.ejmech.2022.114483
*c1ccnc(NC)n1,*c1ccc(NC)c(F)n1,0.4062,[*:1][c:2]1[c:3][c:4]n[c:5][n:8]1>>[*:1][c:2]1[c:3][c:4][c:5][c]([F])[n:8]1,https://doi.org/10.1016/j.ejmech.2022.114483
*c1ccnc(NC)n1,*c1nc(NC)nc2[nH]ccc12,0.4,[*:1][c:2]1[c:10][c:9][n:5][c:4][n:3]1>>[*:1][c:2]1[n:3][c:4][n:5][c]2[nH][c][c:9][c:10]12,https://doi.org/10.1016/j.ejmech.2022.114483
*c1ccnc(NC)n1,*c1cc(NC)nc2ccccc12,0.2973,[*:1][c:2]1[c:3][c:8][n:5][c:4]n1>>[*:1][c:2]1[c:3][c:4][n:5][c]2[c][c:8][c][c][c]12,https://doi.org/10.1016/j.ejmech.2022.114483
*c1ccnc(NC)n1,*c1cc(NC)nc(OC)c1,0.2778,[*:1][c:2]1[c:9][c:3]n[c:4][n:5]1>>[*:1][c:2]1[c:3][c:4][n:5][c]([O][C])[c:9]1,https://doi.org/10.1016/j.ejmech.2022.114483
*c1ccnc(NC)n1,*c1ccsc1NC,0.2727,[*:1][c:2]1[c:3][c:4]n[c:6]n1>>[*:1][c:2]1[c:3][c:4][s][c:6]1,https://doi.org/10.1016/j.ejmech.2022.114483
*c1ccnc(NC)n1,*c1nc(C)cc(NC)n1,0.2941,[*:1][c:2]1[c:7][c:5][n:3][c:4][n:8]1>>[*:1][c:2]1[n:3][c:4][c:5][c]([C:7])[n:8]1,https://doi.org/10.1016/j.ejmech.2022.114483
*c1ccnc(NC)n1,*c1cc(NCNC)ncn1,0.2703,[*:1][c:2]1[c:3][c:4][n:5][c:6][n:9]1>>[*:1][c:2]1[c:3][c:4]([N:5][C:6])[n][c][n:9]1,https://doi.org/10.1016/j.ejmech.2022.114483
*c1ccnc(NC)n1,*c1ncc(C)c(NC)n1,0.3636,[*:1][c:2]1[c:5][c:4][n:3][c:7][n:8]1>>[*:1][c:2]1[n:3][c:4][c:5]([C])[c:7][n:8]1,https://doi.org/10.1016/j.ejmech.2022.114483
*c1ccnc(NC)n1,*c1ccnc2ccccc12,0.2647,[*:1][c:2]1[c:3][c:4][n:5][c:6](N)n1>>[*:1][c:2]1[c:3][c:4][n:5][c:6]2[c][c][c][c][c]12,https://doi.org/10.1016/j.ejmech.2022.114483
*c1ccnc(NC)n1,*c1ccnc(OC)c1,0.303,[*:1][c:2]1[c:9][c:4][n:5][c:3](N)n1>>[*:1][c:2]1[c:3][c:4][n:5][c]([O][C])[c:9]1,https://doi.org/10.1016/j.ejmech.2022.114483
*c1ccnc(NC)n1,*c1cc(N(C)C)ncn1,0.2286,[*:1][c:2]1[c:3][c:8][n:7][c:4]([N:5])[n:9]1>>[*:1][c:2]1[c:3][c:4]([N:5][C])[n:7][c:8][n:9]1,https://doi.org/10.1016/j.ejmech.2022.114483
*c1ccnc(NC)n1,*c1ccccc1C#N,0.1429,[*:1][c:2]1[c:3][c:4]n[c:8]([N:9][C:5])n1>>[*:1][c:2]1[c:3][c:4][c:5][c][c]1[C:8]#[N:9],https://doi.org/10.1016/j.ejmech.2022.114483
*c1ccnc(NC)n1,*C1CC1,0.0357,[*:1][c:2]1[c:3]cnc(N[C:4])n1>>[*:1][C:2]1[C:3][C:4]1,https://doi.org/10.1016/j.ejmech.2022.114483
*c1ccnc(NC)n1,*c1ncnc2[nH]ccc12,0.2162,[*:1][c:2]1[c:10][c:9][n:5][c:4]([N:7][C:8])[n:3]1>>[*:1][c:2]1[n:3][c:4][n:5][c]2[nH:7][c:8][c:9][c:10]12,https://doi.org/10.1016/j.ejmech.2022.114483
*c1ccnc(NC)n1,*c1ncc(C)cn1,0.2333,[*:1][c:2]1[c:5][c:7][n:8][c:4](N[C:6])[n:3]1>>[*:1][c:2]1[n:3][c:4][c:5]([C:6])[c:7][n:8]1,https://doi.org/10.1016/j.ejmech.2022.114483
*c1ccnc(NC)n1,*c1cc(OC)c(OC)cc1NC,0.2222,[*:1][c:2]1[c:11][c:8]n[c:3]n1>>[*:1][c:2]1[c:3][c][c]([O][C])[c:8]([O][C])[c:11]1,https://doi.org/10.1016/j.ejmech.2022.114483
*c1ccnc(NC)n1,*c1cc(F)c(NC)c(F)c1,0.2424,[*:1][c:2]1[c:3][c:4]n[c:6]n1>>[*:1][c:2]1[c:3][c:4]([F])[c:6][c]([F])[c]1,https://doi.org/10.1016/j.ejmech.2022.114483
*c1ccnc(NC)n1,*C1CCS(=O)C(NC)C1,0.0952,[*:1][c:2]1[c:3][c:4]n[c:7]n1>>[*:1][C:2]1[C:3][C:4][S](=[O])[C:7][C]1,https://doi.org/10.1016/j.ejmech.2022.114483
*c1ccnc(NC)n1,*c1ccc(-c2ccccc2NC)cc1,0.2432,[*:1][c:2]1[c:3][c:4]n[c:11]n1>>[*:1][c:2]1[c:3][c:4][c](-[c]2[c][c][c][c][c:11]2)[c][c]1,https://doi.org/10.1016/j.ejmech.2022.114483
*c1ccnc(NC)n1,*C1CCOC(NC)C1OC,0.0952,[*:1][c:2]1[c:3][c:4]n[c:6]n1>>[*:1][C:2]1[C:3][C:4][O][C:6][C]1[O][C],https://doi.org/10.1016/j.ejmech.2022.114483
*c1ccnc(NC)n1,*c1cnc(C)n1NC,0.2941,[*:1][c:6]1[n:5][c:4][c:7][c:3][n:2]1>>[*:1][n:2]1[c:3][c:4][n:5][c:6]1[C:7],https://doi.org/10.1016/j.ejmech.2022.114483
*c1ccnc(NC)n1,*c1cn(NC)c(C)n1,0.303,[*:1][c:6]1[n:5][c:4][c:7][c:3][n:2]1>>[*:1][n:2]1[c:3][c:4][n:5][c:6]1[C:7],https://doi.org/10.1016/j.ejmech.2022.114483
*c1ccnc(NC)n1,*c1cc(NC)ccc1[N+](=O)[O-],0.225,[*:1][c:2]1n[c:3][c:5][c:9][n:6]1>>[*:1][c:2]1[c:3][c][c:5]([N+:6](=[O])[O-])[c:9][c]1,https://doi.org/10.1016/j.ejmech.2022.114483
*c1ccnc(NC)n1,*c1cc([N+](=O)[O-])ccc1NC,0.225,[*:1][c:2]1n[c:3][c:5][c:9][n:6]1>>[*:1][c:2]1[c:3][c][c:5]([N+:6](=[O])[O-])[c:9][c]1,https://doi.org/10.1016/j.ejmech.2022.114483
*c1ccnc(NC)n1,*c1nc(NC)no1,0.3548,[*:1][c:2]1[n:3][c:4]cc[n:6]1>>[*:1][c:2]1[n:3][c:4][o][n:6]1,https://doi.org/10.1016/j.ejmech.2022.114483
*c1ccnc(NC)n1,*c1ccc(NC)s1,0.2812,[*:1][c:2]1[c:3][c:4]n[c:5]n1>>[*:1][c:2]1[c:3][c:4][c:5][s]1,https://doi.org/10.1016/j.ejmech.2022.114483
*c1ccnc(NC)n1,*c1ccc(I)c(NC)c1,0.2571,[*:1][c:2]1[c:3][c:4][n][c:6][n]1>>[*:1][c:2]1[c:3][c:4]c(I)[c:6]c1,https://doi.org/10.1016/j.ejmech.2022.114483
*c1ccnc(NC)n1,*c1ccc(NC)c(Cl)c1Cl,0.2647,[*:1][c:2]1[c:3][c:4][n][c:6][n]1>>[*:1][c:2]1[c:3][c:4][c:6]c(Cl)c1Cl,https://doi.org/10.1016/j.ejmech.2022.114483
*c1ccnc(NC)n1,*c1ccc(NC)c(I)c1,0.2571,[*:1][c:2]1[c:3][c:4][n][c:6][n]1>>[*:1][c:2]1[c:3][c:4][c:6]c(I)c1,https://doi.org/10.1016/j.ejmech.2022.114483
*c1ccnc(NC)n1,*c1ccc2[nH]c(NC)cc2c1,0.2632,[*:1][c:2]1[c:3][c:4][n:5][c:6][n]1>>[*:1][c:2]1cc[c:4]2[nH:5][c:6][c:3]c2c1,https://doi.org/10.1016/j.ejmech.2022.114483
*c1ccnc(NC)n1,*c1ccc(CCC)cc1NC,0.2308,[*:1][c:2]1[c:3][c:4][n][c:6][n]1>>[*:1][c:2]1[c:3][c:4]c(CCC)c[c:6]1,https://doi.org/10.1016/j.ejmech.2022.114483
*c1ccnc(NC)n1,*c1cccc(OC)c1,0.1667,[*:1][c:2]1[c:3][c:4][n][c:6]([N])[n]1>>[*:1][c:2]1[c:3][c:4]c[c:6](OC)c1,https://doi.org/10.1016/j.ejmech.2022.114483
*c1ccnc(NC)n1,*c1cccc2ccccc12,0.1818,[*:1][c:2]1[c:3][c:4][n][c:6]([N])[n]1>>[*:1][c:2]1[c:3][c:4]c[c:6]2ccccc12,https://doi.org/10.1016/j.ejmech.2022.114483
*c1ccnc(NC)n1,*c1ccc(F)c(F)c1,0.1515,[*:1][c:2]1[c:3][c:4][n][c:6]([N])[n]1>>[*:1][c:2]1[c:3][c:4][c:6](F)c(F)c1,https://doi.org/10.1016/j.ejmech.2022.114483
*c1ccnc(NC)n1,*c1cnc2ccccc2c1,0.2222,[*:1][c:2]1[c:3][c:4][n:5][c:6]([N])[n]1>>[*:1][c:2]1[c:4][n:5][c:6]2ccccc2[c:3]1,https://doi.org/10.1016/j.ejmech.2022.114483
*c1ccnc(NC)n1,*c1cc2ccccc2s1,0.1714,[*:1][c:2]1[c:3][c:4][n][c:6]([N])[n]1>>[*:1][c:2]1[c:3][c:4]2cccc[c:6]2s1,https://doi.org/10.1016/j.ejmech.2022.114483
*c1ccnc(NC)n1,*c1cc(OC)cc(OC)c1,0.1515,[*:1][c:2]1[c:3][c:4][n][c:6]([N])[n]1>>[*:1][c:2]1[c:3][c:4](OC)cc(O[C:6])c1,https://doi.org/10.1016/j.ejmech.2022.114483
*c1ccnc(NC)n1,*c1ccc2[nH]ccc2c1,0.1622,[*:1][c:2]1[c:3][c:4][n:5][c:6]([N])[n]1>>[*:1][c:2]1cc[c:6]2[nH:5][c:4][c:3]c2c1,https://doi.org/10.1016/j.ejmech.2022.114483
*c1ccnc(NC)n1,*c1ccc(SC)cc1,0.1875,[*:1][c:2]1[c:3][c:4][n][c:6]([N])[n]1>>[*:1][c:2]1[c:3][c:4][c:6](SC)cc1,https://doi.org/10.1016/j.ejmech.2022.114483
*c1ccnc(NC)n1,*c1ccc2c(c1)OCCO2,0.1351,[*:1][c:2]1[c:3][c:4][n][c:6]([N])[n]1>>[*:1][c:2]1[c:3][c:4]c2[c:6](c1)OCCO2,https://doi.org/10.1016/j.ejmech.2022.114483
*c1ccnc(NC)n1,*c1cc(OC)ccn1,0.3333,[*:1][c:2]1[c:3][c:4][n:5][c:6]([N])[n]1>>[*:1][c:2]1[c:3][c:6](OC)c[c:4][n:5]1,https://doi.org/10.1016/j.ejmech.2022.114483
*c1ccnc(NC)n1,*c1cccc2cccnc12,0.2647,[*:1][c:2]1[c:3][c:4][n:5][c:6]([N])[n]1>>[*:1][c:2]1[c:3][c:4]cc2ccc[n:5][c:6]12,https://doi.org/10.1016/j.ejmech.2022.114483
*c1ccnc(NC)n1,*c1ccc(CC)cc1,0.1875,[*:1][c:2]1[c:3][c:4][n][c:6]([N])[n]1>>[*:1][c:2]1[c:3][c:4][c:6](CC)cc1,https://doi.org/10.1016/j.ejmech.2022.114483
*c1ccnc(NC)n1,*c1cc(F)ccc1F,0.1471,[*:1][c:2]1[c:3][c:4][n][c:6]([N])[n]1>>[*:1][c:2]1[c:3][c:4](F)cc[c:6]1F,https://doi.org/10.1016/j.ejmech.2022.114483
*c1ccnc(NC)n1,*c1ccc(C(F)(F)F)nc1,0.1944,[*:1][c:2]1[c:3][c:4][n:5][c:6]([N])[n]1>>[*:1][c:2]1[c:3]c[c:6](C(F)(F)F)[n:5][c:4]1,https://doi.org/10.1016/j.ejmech.2022.114483
*c1ccnc(NC)n1,*c1ccc(F)c(Cl)c1,0.1389,[*:1][c:2]1[c:3][c:4][n][c:6]([N])[n]1>>[*:1][c:2]1[c:3][c:4]c(F)[c:6](Cl)c1,https://doi.org/10.1016/j.ejmech.2022.114483
*c1ccnc(NC)n1,*c1cn(C)c2ccccc12,0.1579,[*:1][c:2]1[c:3][c:4][n:5][c:6]([N])[n]1>>[*:1][c:2]1[c:4][n:5](C)[c:6]2cccc[c:3]12,https://doi.org/10.1016/j.ejmech.2022.114483
*c1ccnc(NC)n1,*c1cccnc1OC,0.2571,[*:1][c:2]1[c:3][c:4][n:5][c:6]([N])[n]1>>[*:1][c:2]1[c:3]c[c:4][n:5][c:6]1OC,https://doi.org/10.1016/j.ejmech.2022.114483
*c1ccnc(NC)n1,*c1ccc(-c2ccccc2)cn1,0.2286,[*:1][c:2]1[c:3][c:4][n:5][c:6]([N])[n]1>>[*:1][c:6]1[c:3][c:4][c:2](-c2ccccc2)c[n:5]1,https://doi.org/10.1016/j.ejmech.2022.114483
*c1ccnc(NC)n1,*c1ccc(O)c(OC)c1,0.1579,[*:1][c:2]1[c:3][c:4][n][c:6]([N])[n]1>>[*:1][c:2]1[c:3][c:4][c:6](O)c(OC)c1,https://doi.org/10.1016/j.ejmech.2022.114483
*c1ccnc(NC)n1,*c1ccc(C(=O)N(C)C)cc1,0.1667,[*:1][c:2]1[c:3][c:4][n:5][c:6]([N])[n]1>>[*:1][c:2]1[c:3][c:4]c([C:6](=O)[N:5](C)C)cc1,https://doi.org/10.1016/j.ejmech.2022.114483
*c1ccnc(NC)n1,*c1ccc(O)cc1O,0.1818,[*:1][c:2]1[c:3][c:4][n][c:6]([N])[n]1>>[*:1][c:2]1[c:3][c:4][c:6](O)cc1O,https://doi.org/10.1016/j.ejmech.2022.114483
*c1ccnc(NC)n1,*c1cccc(CC)c1,0.1667,[*:1][c:2]1[c:3][c:4][n][c:6]([N])[n]1>>[*:1][c:2]1[c:3][c:4]c[c:6](CC)c1,https://doi.org/10.1016/j.ejmech.2022.114483
*c1ccnc(NC)n1,*c1cccc(C(C)=O)c1,0.1579,[*:1][c:2]1[c:3][c:4][n][c:6]([N])[n]1>>[*:1][c:2]1[c:3][c:4]c[c:6](C(C)=O)c1,https://doi.org/10.1016/j.ejmech.2022.114483
*c1ccnc(NC)n1,*c1ccc(-c2ccncc2)cc1,0.2188,[*:1][c:2]1[c:3][c:4][n:5][c:6]([N])[n]1>>[*:1][c:2]1[c:3]cc(-c2c[c:6][n:5][c:4]c2)cc1,https://doi.org/10.1016/j.ejmech.2022.114483
*c1ccnc(NC)n1,*c1ncc(Cl)cc1Cl,0.1714,[*:1][c:2]1[c:3][c:4][n:5][c:6]([N])[n]1>>[*:1][c:6]1[n:5][c:4][c:3](Cl)c[c:2]1Cl,https://doi.org/10.1016/j.ejmech.2022.114483
*c1ccnc(NC)n1,*c1ccc(F)cc1Cl,0.1389,[*:1][c:2]1[c:3][c:4][n][c:6]([N])[n]1>>[*:1][c:2]1[c:3][c:4][c:6](F)cc1Cl,https://doi.org/10.1016/j.ejmech.2022.114483
*c1ccnc(NC)n1,*c1cc(-c2ccccc2)ccn1,0.2941,[*:1][c:2]1[c:3][c:4][n:5][c:6]([N])[n]1>>[*:1][c:6]1c[c:2](-c2ccccc2)[c:3][c:4][n:5]1,https://doi.org/10.1016/j.ejmech.2022.114483
*c1ccnc(NC)n1,*c1c(F)cccc1Cl,0.1389,[*:1][c:2]1[c:3][c:4][n][c:6]([N])[n]1>>[*:1][c:2]1[c:3](F)[c:4]cc[c:6]1Cl,https://doi.org/10.1016/j.ejmech.2022.114483
*c1ccnc(NC)n1,*c1ccc(NS(C)(=O)=O)cc1,0.1944,[*:1][c:2]1[c:3][c:4][n:5][c:6]([N])[n]1>>[*:1][c:2]1[c:3][c:4][c:6]([N:5]S(C)(=O)=O)cc1,https://doi.org/10.1016/j.ejmech.2022.114483
*c1ccnc(NC)n1,*c1cccc2ncccc12,0.2222,[*:1][c:2]1[c:3][c:4][n:5][c:6]([N])[n]1>>[*:1][c:2]1[c:3][c:4]c[c:6]2[n:5]cccc12,https://doi.org/10.1016/j.ejmech.2022.114483
*c1ccnc(NC)n1,*c1cc(CC)ccn1,0.3333,[*:1][c:2]1[c:3][c:4][n:5][c:6]([N])[n]1>>[*:1][c:2]1c[c:6](CC)[c:3][c:4][n:5]1,https://doi.org/10.1016/j.ejmech.2022.114483
*c1ccnc(NC)n1,*c1ccccc1CO,0.1429,[*:1][c:2]1[c:3][c:4][n][c:6]([N])[n]1>>[*:1][c:2]1c[c:3][c:4]cc1[C:6]O,https://doi.org/10.1016/j.ejmech.2022.114483
*c1ccnc(NC)n1,*c1ccc(F)c(C(F)(F)F)c1,0.1351,[*:1][c:2]1[c:3][c:4][n][c:6]([N])[n]1>>[*:1][c:2]1[c:3][c:4][c:6](F)c(C(F)(F)F)c1,https://doi.org/10.1016/j.ejmech.2022.114483
*c1ccnc(NC)n1,*c1ccc(C)c(F)c1,0.1714,[*:1][c:2]1[c:3][c:4][n][c:6]([N])[n]1>>[*:1][c:2]1[c:3][c:4]c(C)[c:6](F)c1,https://doi.org/10.1016/j.ejmech.2022.114483
*c1ccnc(NC)n1,*c1ccc2c(c1)CCO2,0.125,[*:1][c:2]1[c:3][c:4][n][c:6]([N])[n]1>>[*:1][c:2]1[c:3][c:4]c2[c:6](c1)CCO2,https://doi.org/10.1016/j.ejmech.2022.114483
*c1ccnc(NC)n1,*c1cc(C(C)(C)C)on1,0.2286,[*:1][c:2]1[c:3][c:4][n:5][c:6]([N])[n]1>>[*:1][c:2]1[c:3][c:4]([C:6](C)(C)C)o[n:5]1,https://doi.org/10.1016/j.ejmech.2022.114483
*c1ccnc(NC)n1,*c1ccc(-c2ccccn2)cc1,0.2222,[*:1][c:2]1[c:3][c:4][n:5][c:6]([N])[n]1>>[*:1][c:2]1[c:3]cc(-[c:6]2ccc[c:4][n:5]2)cc1,https://doi.org/10.1016/j.ejmech.2022.114483
*c1ccnc(NC)n1,*c1cccc(CC)n1,0.303,[*:1][c:2]1[c:3][c:4][n:5][c:6]([N])[n]1>>[*:1][c:2]1[c:3][c:4]c[c:6](CC)[n:5]1,https://doi.org/10.1016/j.ejmech.2022.114483
*c1ccnc(NC)n1,*c1cccc(SC)c1,0.1667,[*:1][c:2]1[c:3][c:4][n][c:6]([N])[n]1>>[*:1][c:2]1[c:3][c:4]c[c:6](SC)c1,https://doi.org/10.1016/j.ejmech.2022.114483
*c1ccnc(NC)n1,*c1ccnc(C(F)(F)F)c1,0.2571,[*:1][c:2]1[c:3][c:4][n:5][c:6]([N])[n]1>>[*:1][c:2]1[c:3][c:4][n:5][c:6](C(F)(F)F)c1,https://doi.org/10.1016/j.ejmech.2022.114483
*c1ccnc(NC)n1,*c1ccc2c(c1)CCC2,0.1389,[*:1][c:2]1[c:3][c:4][n][c:6]([N])[n]1>>[*:1][c:2]1[c:3][c:4]c2[c:6](c1)CCC2,https://doi.org/10.1016/j.ejmech.2022.114483
*c1ccnc(NC)n1,*c1ccc(Cl)c(C)c1,0.1714,[*:1][c:2]1[c:3][c:4][n][c:6]([N])[n]1>>[*:1][c:2]1[c:3][c:4][c:6](Cl)c(C)c1,https://doi.org/10.1016/j.ejmech.2022.114483
*c1ccnc(NC)n1,*C1CCC(F)(F)CC1,0.0571,[*:1][c:2]1[c:3][c:4][n][c:6]([N])[n]1>>[*:1][C:2]1[C:4]C[C:6](F)(F)C[C:3]1,https://doi.org/10.1016/j.ejmech.2022.114483
*c1ccnc(NC)n1,*c1ccc(C)c(Cl)c1,0.1714,[*:1][c:2]1[c:3][c:4][n][c:6]([N])[n]1>>[*:1][c:2]1[c:3][c:4]c(C)[c:6](Cl)c1,https://doi.org/10.1016/j.ejmech.2022.114483
*c1ccnc(NC)n1,*c1cnn(C)c1C,0.1714,[*:1][c:2]1[c:3][c:4][n:5][c:6]([N:7])[n]1>>[*:1][c:2]1[c:4][n:5][nH:7][c:6]1[C:3],https://doi.org/10.1016/j.ejmech.2022.114483
*c1ccnc(NC)n1,*c1ccc(NC)cc1,0.3103,[*:1][c:2]1[c:3][c:4][n:5][c:6]([N])[n]1>>[*:1][c:2]1[c:3][c:4][c:6]([N:5]C)cc1,https://doi.org/10.1016/j.ejmech.2022.114483
*c1ccnc(NC)n1,*c1ccc(-c2nnn(C)n2)cc1,0.175,[*:1][c:2]1[c:3][c:4][n:5][c:6]([N:7])[n:8]1>>[*:1][c:2]1[c:3][c:4]c(-[c:6]2[n:5]n[nH:7][n:8]2)cc1,https://doi.org/10.1016/j.ejmech.2022.114483
*c1ccnc(NC)n1,*c1c(C)nn(C)c1C,0.1429,[*:1][c:2]1[c:3][c:4][n:5][c:6]([N:7])[n]1>>[*:1][c:2]1[c:4]([C:3])[n:5][nH:7][c:6]1C,https://doi.org/10.1016/j.ejmech.2022.114483
*c1ccnc(NC)n1,*c1nnc(NC)s1,0.2424,[*:1][c:2]1[c:3][c][n:5][c]([N:7])[n:8]1>>[*:1][c:2]1[n:8][n:5][c:3]([N:7])s1,https://doi.org/10.1016/j.ejmech.2022.114483
*c1ccnc(NC)n1,*c1cccc(CO)c1,0.1351,[*:1][c:2]1[c:3][c:4][n][c:6]([N])[n]1>>[*:1][c:2]1[c:3][c:4]c[c:6](CO)c1,https://doi.org/10.1016/j.ejmech.2022.114483
*c1ccnc(NC)n1,*c1ccc2cc[nH]c2c1,0.1622,[*:1][c:2]1[c:3][c:4][n:5][c:6]([N])[n]1>>[*:1][c:2]1ccc2[c:3][c:4][nH:5][c:6]2c1,https://doi.org/10.1016/j.ejmech.2022.114483
*c1ccnc(NC)n1,*c1ccccc1OC(F)(F)F,0.1316,[*:1][c:2]1[c:3][c:4][n][c:6]([N])[n]1>>[*:1][c:2]1[c:3][c:4]cc[c:6]1OC(F)(F)F,https://doi.org/10.1016/j.ejmech.2022.114483
*c1ccnc(NC)n1,*c1cccc(OCC)c1,0.1842,[*:1][c:2]1[c:3][c:4][n][c:6]([N])[n]1>>[*:1][c:2]1[c:3][c:4]c[c:6](OCC)c1,https://doi.org/10.1016/j.ejmech.2022.114483
*c1ccnc(NC)n1,*c1ccc(O)c(O)c1,0.1515,[*:1][c:2]1[c:3][c:4][n][c:6]([N])[n]1>>[*:1][c:2]1[c:3][c:4][c:6](O)c(O)c1,https://doi.org/10.1016/j.ejmech.2022.114483
*c1ccnc(NC)n1,*c1ncccc1OC,0.2571,[*:1][c:2]1[c:3][c:4][n:5][c:6]([N])[n]1>>[*:1][c:2]1[n:5][c:6]c[c:4][c:3]1OC,https://doi.org/10.1016/j.ejmech.2022.114483
*c1ccnc(NC)n1,*c1cnc2c(ccn2C)c1,0.2308,[*:1][c:2]1[c:3][c:4][n:5][c:6]([N:7])[n]1>>[*:1][c:2]1[c:4][n:5][c:6]2[nH:7]ccc2[c:3]1,https://doi.org/10.1016/j.ejmech.2022.114483
*c1ccnc(NC)n1,*c1ccc(CCC)cc1,0.1765,[*:1][c:2]1[c:3][c:4][n][c:6]([N])[n]1>>[*:1][c:2]1[c:3][c:4][c:6](CCC)cc1,https://doi.org/10.1016/j.ejmech.2022.114483
*c1ccnc(NC)n1,*c1cccc(C(C)(C)C)c1,0.1714,[*:1][c:2]1[c:3][c:4][n][c:6]([N])[n]1>>[*:1][c:2]1[c:3][c:4]c[c:6](C(C)(C)C)c1,https://doi.org/10.1016/j.ejmech.2022.114483
*c1ccnc(NC)n1,*c1c(C)cc(C)cc1C,0.1613,[*:1][c:2]1[c:3][c:4][n][c:6]([N])[n]1>>[*:1][c:6]1[c:4](C)[c:3][c:2](C)cc1C,https://doi.org/10.1016/j.ejmech.2022.114483
*c1ccnc(NC)n1,*c1cc(Cl)ccc1O,0.1389,[*:1][c:2]1[c:3][c:4][n][c:6]([N])[n]1>>[*:1][c:2]1[c:3][c:4](Cl)cc[c:6]1O,https://doi.org/10.1016/j.ejmech.2022.114483
*c1ccnc(NC)n1,*c1cccc(OC(F)F)c1,0.1538,[*:1][c:2]1[c:3][c:4][n][c:6]([N])[n]1>>[*:1][c:2]1[c:3][c:4]c[c:6](OC(F)F)c1,https://doi.org/10.1016/j.ejmech.2022.114483
*c1ccnc(NC)n1,*c1cccc(CO)n1,0.2647,[*:1][c:2]1[c:3][c:4][n:5][c:6]([N])[n]1>>[*:1][c:2]1[c:3][c:4]c[c:6](CO)[n:5]1,https://doi.org/10.1016/j.ejmech.2022.114483
*c1ccnc(NC)n1,*c1cc(Cl)c(OC)c(Cl)c1,0.1389,[*:1][c:2]1[c:3][c:4][n][c:6]([N])[n]1>>[*:1][c:2]1[c:3][c:4](Cl)[c:6](OC)c(Cl)c1,https://doi.org/10.1016/j.ejmech.2022.114483
*c1ccnc(NC)n1,*c1ccc(O)c(F)c1,0.1389,[*:1][c:2]1[c:3][c:4][n][c:6]([N])[n]1>>[*:1][c:2]1[c:3][c:4][c:6](O)c(F)c1,https://doi.org/10.1016/j.ejmech.2022.114483
*c1ccnc(NC)n1,*c1ccc(F)cc1C,0.1714,[*:1][c:2]1[c:3][c:4][n][c:6]([N])[n]1>>[*:1][c:2]1[c:3][c:4][c:6](F)cc1C,https://doi.org/10.1016/j.ejmech.2022.114483
*c1ccnc(NC)n1,*c1cc(O)ccc1O,0.1471,[*:1][c:2]1[c:3][c:4][n][c:6]([N])[n]1>>[*:1][c:2]1[c:3][c:4](O)cc[c:6]1O,https://doi.org/10.1016/j.ejmech.2022.114483
*c1ccnc(NC)n1,*c1ccncn1,0.3448,[*:1][c:2]1[c:3][c:4][n:5][c:6]([N][C])[n:9]1>>[*:1][c:2]1[c:3][c:4][n:5][c:6][n:9]1,https://doi.org/10.1016/j.ejmech.2022.114483
*c1ccnc(NC)n1,*c1ccco1,0.2333,[*:1][c:2]1[c:3][c:4][n][c:6]([N][C])[n]1>>[*:1][c:2]1[c:3][c:4][c:6]o1,https://doi.org/10.1016/j.ejmech.2022.114483
*c1ccnc(NC)n1,*C1CCOC(NC)C1,0.1,[*:1][c:2]1[c:3][c:4][n][c:6][n]1>>[*:1][C:2]1[C:3][C:4]O[C:6]C1,https://doi.org/10.1016/j.ejmech.2022.114483
*c1ccnc(NC)n1,*C1CCC1NC,0.1212,[*:1][c:2]1[c:3][c:4][n][c:6][n]1>>[*:1][C:2]1[C:3][C:4][C:6]1,https://doi.org/10.1016/j.ejmech.2022.114483
*c1ccnc(NC)n1,*C1CCCC(NC)CC1,0.1389,[*:1][c:2]1[c:3][c:4][n][c:6][n]1>>[*:1][C:2]1CC[C:6]C[C:4][C:3]1,https://doi.org/10.1016/j.ejmech.2022.114483
*c1ccnc(NC)n1,*c1cccc(NC)c1F,0.2571,[*:1][c:2]1[c:3][c:4][n][c:6][n]1>>[*:1][c:2]1[c:3][c:4]c[c:6]c1F,https://doi.org/10.1016/j.ejmech.2022.114483
*c1ccnc(NC)n1,*c1ccc(NC)c(C(F)(F)F)c1,0.2368,[*:1][c:2]1[c:3][c:4][n][c:6][n]1>>[*:1][c:2]1[c:3][c:4][c:6]c(C(F)(F)F)c1,https://doi.org/10.1016/j.ejmech.2022.114483
*c1ccnc(NC)n1,*C1CCC(C)CC1NC,0.1053,[*:1][c:2]1[c:3][c:4][n][c:6][n]1>>[*:1][C:2]1[C:6]CC(C)[C:4][C:3]1,https://doi.org/10.1016/j.ejmech.2022.114483
*c1ccnc(NC)n1,*Cn1nnc(NC)n1,0.25,[*:1][c:2]1[n:3][c:4][c][c][n:7]1>>[*:1][c:2]1[n:3]nn([C:4])[n:7]1,https://doi.org/10.1016/j.ejmech.2022.114483
*c1ccnc(NC)n1,*c1c[nH]c(NC)n1,0.3548,[*:1][c:2]1[n:3][c:4][c:5][c][n:7]1>>[*:1][c:2]1[n:3][c:4][c:5][nH:7]1,https://doi.org/10.1016/j.ejmech.2022.114483
*c1ccnc(NC)n1,*c1cn(NC)cn1,0.3125,[*:1][c:2]1[n:3][c:4][c:5][c][n:7]1>>[*:1][n:7]1[c:5][c:4][n:3][c:2]1,https://doi.org/10.1016/j.ejmech.2022.114483
*c1ccnc(NC)n1,*n1ccnc1NC,0.3548,[*:1][c:2]1[c][c:4][n:5][c:6][n:7]1>>[*:1][n:7]1[c:2][c:4][n:5][c:6]1,https://doi.org/10.1016/j.ejmech.2022.114483
*c1ccnc(NC)n1,*c1nnc(NC)o1,0.2424,[*:1][c:2]1[n:3][c:4][c][c][n:7]1>>[*:1][c:2]1[n:7][n:3][c:4]o1,https://doi.org/10.1016/j.ejmech.2022.114483
*c1ccnc(NC)n1,*c1ccc(NC)o1,0.2903,[*:1][c:2]1[c:3][c:4][n][c:6][n]1>>[*:1][c:2]1[c:3][c:4][c:6]o1,https://doi.org/10.1016/j.ejmech.2022.114483
*c1ccnc(NC)n1,*c1ccc(F)cc1NC,0.2571,[*:1][c:2]1[c:3][c:4][n][c:6][n]1>>[*:1][c:2]1[c:3][c:4]c(F)c[c:6]1,https://doi.org/10.1016/j.ejmech.2022.114483
*c1ccnc(NC)n1,*c1cc(NC)ccc1C(=O)O,0.2308,[*:1][c:2]1[n][c:4][c:5][c:6][n]1>>[*:1][c:2]1c[c:4][c:5](C(=O)O)[c:6]c1,https://doi.org/10.1016/j.ejmech.2022.114483
*c1ccnc(NC)n1,*c1cc(CNC)no1,0.2105,[*:1][c:2]1[c:3][c:4][n:5][c:6][n]1>>[*:1][c:2]1[c:3][c:4]([C:6])[n:5]o1,https://doi.org/10.1016/j.ejmech.2022.114483
*c1ccnc(NC)n1,*n1nccc1NC,0.303,[*:1][c:2]1[c][c:4][n:5][c:6][n:7]1>>[*:1][n:7]1[c:6][c:2][c:4][n:5]1,https://doi.org/10.1016/j.ejmech.2022.114483
*c1ccnc(NC)n1,*c1cnc(NC)nc1,0.4286,[*:1][c:2]1[c:3][c:4][n:5][c:6][n:7]1>>[*:1][c:2]1[c:3][n:7][c:6][n:5][c:4]1,https://doi.org/10.1016/j.ejmech.2022.114483
*c1ccnc(NC)n1,*c1ccnn1CNC,0.2857,[*:1][c:2]1[c:3][c:4][n:5][c:6][n:7]1>>[*:1][c:2]1[c:3][c:4][n:5][n:7]1[C:6],https://doi.org/10.1016/j.ejmech.2022.114483
*c1ccnc(NC)n1,*c1ccnc(N(C)C)n1,0.4828,[*:1][N:2][*:3]>>[*:1][N:2]([*:3])[C],https://doi.org/10.1016/j.ejmech.2020.112552
*c1ccnc(NC)n1,*c1ccnc(OC)n1,0.4667,[*:1]N[*:3]>>[*:1][O][*:3],https://doi.org/10.1016/j.ejmech.2020.112552
*c1ccnc(NC)n1,*c1ccnc([SH](C)(N)=O)n1,0.4118,[*:1][N:4][C:3]>>[*:1][SH]([C:3])([N:4])=[O],https://doi.org/10.1016/j.ejmech.2023.115509
*c1ccnc(NC)n1,*C1CCCCC1NC,0.1143,[c:1]1[c:6]n[c:2]n[c:3]1>>[C:1]1[C:2][C:3][C][C][C:6]1,https://doi.org/10.1021/acs.jmedchem.4c00094
*c1ccnc(NC)n1,*C1CCCC(NC)C1,0.1389,[c:1]1[c:6]n[c:2]n[c:3]1>>[C:1]1[C:2][C:3][C][C][C:6]1,https://doi.org/10.1021/acs.jmedchem.4c00094
*c1ccnc(NC)n1,*C1CCCC(NC)N1,0.1026,[c:1]1[c:2]n[c:3][n:4][c:5]1>>[C:1]1[C:2][C:3][N:4][C:5][C]1,https://doi.org/10.1021/acs.jmedchem.4c00094
*c1ccnc(NC)n1,*C1CCCNC1NC,0.1,[c:1]1[c:2]n[c:3][n:4][c:5]1>>[C:1]1[C:2][C:3][N:4][C:5][C]1,https://doi.org/10.1021/acs.jmedchem.4c00094
*c1ccnc(NC)n1,*C1CCC(NC)C1,0.1143,[c:3]1[c:4]n[c:1]n[c:2]1>>[C:1]1[C:2][C:3][C:4][C]1,https://doi.org/10.1021/acs.jmedchem.4c00094
*c1ccnc(NC)n1,*c1ccoc1NC,0.3125,[c:1]1[c:2]n[c:3]n[c:5]1>>[c:1]1[c:2][c:3][o][c:5]1,https://doi.org/10.1021/acs.jmedchem.4c00094
*c1ccnc(NC)n1,*c1nc(F)nc2c1ncn2C,0.1951,[N:8][c:2]1[n:6][c:7][c:5][c:4][n:3]1>>[F][c:2]1[n:3][c:4][c:5]2[n:6][c:7][nH:8][c]2[n]1,https://doi.org/10.1021/acs.jmedchem.2c00568
*c1ccnc(NC)n1,*c1nc2cnc(F)nc2n1C,0.1951,[N:8][c:2]1[n:6][c:7][c:5][c:4][n:3]1>>[F][c:2]1[n:3][c:4][c:5]2[n:6][c:7][nH:8][c]2[n]1,https://doi.org/10.1021/acs.jmedchem.2c00568
*c1ccnc(NC)n1,*C1CNC(NC)CO1,0.0976,[c:1]1[c:4]n[c:5][n:6][c:2]1>>[C:1]1[C:2][O][C:4][C:5][N:6]1,https://doi.org/10.1021/acs.jmedchem.4c00094
*c1ccnc(NC)n1,*C1OCCNC1NC,0.0976,[c:1]1[c:4]n[c:5][n:6][c:2]1>>[C:1]1[C:2][O][C:4][C:5][N:6]1,https://doi.org/10.1021/acs.jmedchem.4c00094
*c1ccnc(NC)n1,*c1ccnc(NC2CC2)n1,0.5484,[*:1][N:2][C:3]>>[*:1][N:2][C:3]1[C][C]1,https://doi.org/10.1021/acs.jmedchem.1c01509
*c1ccnc(NC)n1,*c1ccnc(N(CC)CC)n1,0.4375,[*:1][N:2][C:3]>>[*:1][N:2]([C:3][C])[C][C],https://doi.org/10.1021/acs.jmedchem.1c01509
*c1ccnc(NC)n1,*c1ccnc(NC2CN(C(=O)OC(C)(C)C)C2)n1,0.3913,[*:1][N:2][C:3]>>[*:1][N:2][C:3]1[C][N]([C](=[O])[O][C]([C])([C])[C])[C]1,https://doi.org/10.1021/acs.jmedchem.1c01509
*c1ccnc(NC)n1,*c1ccnc(NC2CCN(C(=O)OC(C)(C)C)CC2)n1,0.375,[*:1][N:2][C:3]>>[*:1][N:2][C:3]1[C][C][N]([C](=[O])[O][C]([C])([C])[C])[C][C]1,https://doi.org/10.1021/acs.jmedchem.1c01509
*c1ccnc(NC)n1,*c1ccnc(N2CCN(C(=O)OC(C)(C)C)CC2)n1,0.2979,[*:1][N:2][C:3]>>[*:1][N:2]1[C:3][C][N]([C](=[O])[O][C]([C])([C])[C])[C][C]1,https://doi.org/10.1021/acs.jmedchem.2c01382
*c1ccnc(NC)n1,*c1ccnc(N2CCC(c3nc(C(C)C)no3)CC2)n1,0.2745,[*:1][N:2][C:3]>>[*:1][N:2]1[C:3][C][C]([c]2[n][c]([C]([C])[C])[n][o]2)[C][C]1,https://doi.org/10.1021/acs.jmedchem.1c01509
*c1ccnc(NC)n1,*c1cc(Cl)nc(NC)n1,0.4516,[*:1][c:2]1[c:3][c:4][n:6][c:7]([*:8])[n:9]1>>[*:1][c:2]1[c:3][c:4]([Cl])[n:6][c:7]([*:8])[n:9]1,https://dx.doi.org/10.1021/acs.jmedchem.9b01769
*c1ccnc(NC)n1,*c1nc(NC)nc2c1CSC2,0.3243,[*:5][c:4]1[c:6][c:7][n:8][c:2]([*:1])[n:3]1>>[*:1][c:2]1[n:3][c:4]([*:5])[c:6]2[c:7]([n:8]1)[C][S][C]2,https://dx.doi.org/10.1021/acs.jmedchem.9b01769
*c1ccnc(NC)n1,*c1nc2c(c(NC)n1)COC2,0.2564,[*:1][c:2]1[c:6][c:7][n:8][c:4]([*:5])[n:3]1>>[*:1][c:2]1[n:3][c:4]([*:5])[c:6]2[c:7]([n:8]1)[C][O][C]2,https://dx.doi.org/10.1021/acs.jmedchem.9b02153
*c1ccnc(NC)n1,*c1ncc(C)nc1NC,0.3235,[*:1][N:2][c:3]1[n:9][c:6][c:7][c:4][n:5]1>>[*:1][N:2][c:3]1[c:4][n:5][c:6][c:7]([C])[n:9]1,https://dx.doi.org/10.1021/acs.jmedchem.0c01017
*c1ccnc(NC)n1,*c1ncc(NC)nc1C,0.3235,[*:1][N:2][c:3]1[n:9][c:6][c:7][c:4][n:5]1>>[*:1][N:2][c:3]1[c:4][n:5][c:6][c:7]([C])[n:9]1,https://dx.doi.org/10.1021/acs.jmedchem.0c01017
*c1ccnc(NC)n1,*C1CCN(C)CCN1C,0.0513,[*:1][N:2][c:7]1n[c:3][c:4][c:5][n:6]1>>[*:1][N:2]1[C:3][C:4][C:5][N:6]([C:7])[C][C]1,https://dx.doi.org/10.1021/acs.jmedchem.0c00232
*c1ccnc(NC)n1,*C1CN(C)CCN1C,0.0526,[*:1][N:2][c:6]1n[c:3][c:8][c:7][n:5]1>>[*:1][N:2]1[C:3][C][N:5]([C:6])[C:7][C:8]1,https://doi.org/10.1021/acs.jmedchem.3c01336
*c1ccnc(NC)n1,*C1C=Cc2nc(NC)ncc21,0.3421,[c:8]1[c:1][n:6][c:5][n:4][c:9]1>>[C:1]1=[C][c]2[n:4][c:5][n:6][c][c:8]2[C:9]1,https://doi.org/10.1021/acs.jmedchem.4c00094
*c1ccnc(NC)n1,*C1=Cc2nc(NC)ncc2C1,0.4286,[c:8]1[c:1][n:6][c:5][n:4][c:9]1>>[C:1]1=[C][c]2[n:4][c:5][n:6][c][c:8]2[C:9]1,https://doi.org/10.1021/acs.jmedchem.4c00094
*c1ccnc(NC)n1,*c1ccnc(N(C)C(F)(F)F)n1,0.4118,[*:1][N:2][C:3]>>[*:1][N:2]([C:3])[C]([F])([F])[F],https://dx.doi.org/10.1021/acs.jmedchem.0c01457
*c1ccnc(NC)n1,*c1ccnc(NCC(=O)O)n1,0.5,[*:1][C:2]>>[*:1][C:2][C](=[O])[O],https://dx.doi.org/10.1021/acs.jmedchem.9b01877
*c1ccnc(NC)n1,*c1cc(C)nc(N)n1,0.2353,[*:1][c:2]1[c:3][c:4][n:6][c:7]([N:8][C:5])[n:9]1>>[*:1][c:2]1[c:3][c:4]([C:5])[n:6][c:7]([N:8])[n:9]1,https://doi.org/10.1021/acs.jmedchem.1c00382
*c1ccnc(NC)n1,*c1cc(OC)nc(N)n1,0.2162,[*:1][c:2]1[c:3][c:4][n:7][c:8]([N:9][C:6])[n:10]1>>[*:1][c:2]1[c:3][c:4]([O][C:6])[n:7][c:8]([N:9])[n:10]1,https://doi.org/10.1021/acs.jmedchem.1c00382
*c1ccnc(NC)n1,*c1nc(N)ncc1OC,0.2432,[*:1][c:2]1[c:8][c:7][n:6][c:4]([N:5][C:10])[n:3]1>>[*:1][c:2]1[n:3][c:4]([N:5])[n:6][c:7][c:8]1[O][C:10],https://doi.org/10.1021/acs.jmedchem.1c00382
*c1ccnc(NC)n1,*c1cc(NC)ccc1C(F)(F)F,0.2368,[*:1][c:6]1n[c:2][c:5][c:10]n1>>[*:1][c:2]1[c][c][c:5]([C:6]([F])([F])[F])[c:10][c]1,https://dx.doi.org/10.1021/acs.jmedchem.9b01659
*c1ccnc(NC)n1,*c1c(F)ccc(NC)c1F,0.2571,[*:1][c:2]1n[c:3][c:8][c:7]n1>>[*:1][c:2]1[c:3][c][c]([F])[c:7][c:8]1[F],https://dx.doi.org/10.1021/acs.jmedchem.0c01588
*c1ccnc(NC)n1,*c1cc(F)cc(F)c1NC,0.2222,[*:1][c:2]1n[c:3][c:8][c:7]n1>>[*:1][c:2]1[c:3][c][c]([F])[c:7][c:8]1[F],https://dx.doi.org/10.1021/acs.jmedchem.0c01588
*c1ccnc(NC)n1,*c1c(F)cc(NC)cc1F,0.2424,[*:1][c:2]1n[c:3][c:7][c:6]n1>>[*:1][c:2]1[c:3][c]([F])[c:6][c:7]([F])[c]1,https://dx.doi.org/10.1021/acs.jmedchem.1c00034
*c1ccnc(NC)n1,*c1c(F)cc(F)cc1NC,0.2571,[*:1][c:2]1n[c:3][c:7][c:6]n1>>[*:1][c:2]1[c:3][c]([F])[c:6][c:7]([F])[c]1,https://dx.doi.org/10.1021/acs.jmedchem.1c00034
*c1ccnc(NC)n1,*c1ccccc1CNC,0.2286,[*:1][c:2]1n[c:4][c:3][c:7]n1>>[*:1][C:2][c:3]1[c:4][c][c][c:7][c]1,https://dx.doi.org/10.1021/acs.jmedchem.0c00161
*c1ccnc(NC)n1,*c1[nH]ncc1C(=O)NC,0.2,[*:1][c:2]1[n:6][c:5][c:4][c:8][n:7]1>>[*:1][C:2](=[O])[c:4]1[c:5][n:6][nH:7][c:8]1,https://dx.doi.org/10.1021/acs.jmedchem.1c00034
*c1ccnc(NC)n1,*c1n[nH]cc1C(=O)NC,0.2,[*:1][c:2]1[n:6][c:5][c:4][c:8][n:7]1>>[*:1][C:2](=[O])[c:4]1[c:5][n:6][nH:7][c:8]1,https://dx.doi.org/10.1021/acs.jmedchem.1c00034
*c1ccnc(NC)n1,*CN(C)C,0.069,[*:1][N:2][c:3]1ncc[c:4]n1>>[*:1][N:2]([C:3])[C:4],https://dx.doi.org/10.1021/acs.jmedchem.0c01457
*c1ccnc(NC)n1,*c1cnc(NC)nn1,0.4333,[c:1]1[c:2][n:3][c:5][n:4]c1>>[c:1]1[c:2][n:3][n:4][c:5][n]1,https://doi.org/10.1021/acs.jmedchem.4c00094
*c1ccnc(NC)n1,*c1nnc(NC)nn1,0.3571,c1[c:4][n:3][c:1][n:2]c1>>[c:1]1[n:2][n:3][c:4][n][n]1,https://doi.org/10.1021/acs.jmedchem.4c00094
*c1ccnc(NC)n1,*c1cccc(=O)n1CNC,0.2,[c:4]1[c:6]n[c:1][n:2][c:3]1>>[C:1][n:2]1[c:3][c:4][c][c:6][c]1=[O],https://doi.org/10.1021/acs.jmedchem.4c00094
*c1ccnc(NC)n1,*c1cccn(CNC)c1=O,0.2,[c:4]1[c:6]n[c:1][n:2][c:3]1>>[C:1][n:2]1[c:3][c:4][c][c:6][c]1=[O],https://doi.org/10.1021/acs.jmedchem.4c00094
*c1ccnc(NC)n1,*C1=CC=CC=C(NC)C=C1,0.2353,[c:1]1[c:2]n[c:3]n[c:8]1>>[C:1]1=[C:2][C:3]=[C][C]=[C][C]=[C:8]1,https://doi.org/10.1021/acs.jmedchem.4c00094
*c1ccnc(NC)n1,*C1=CC=CC=CC=C1NC,0.2424,[c:1]1[c:2]n[c:3]n[c:8]1>>[C:1]1=[C:2][C:3]=[C][C]=[C][C]=[C:8]1,https://doi.org/10.1021/acs.jmedchem.4c00094
*c1ccnc(NC)n1,*c1ccnc(S(C)(=O)=O)n1,0.4375,[*:1][N]>>[*:1]S(C)(=O)=O,https://dx.doi.org/10.1021/acs.jmedchem.0c00407
*c1ccnc(NC)n1,*c1ccnc(CO)n1,0.4194,[*:1][N]>>[*:1]CO,https://doi.org/10.1021/acs.jmedchem.1c01318
*c1ccnc(NC)n1,*c1nc(O)nc(NC)n1,0.3438,[c:1]1[c:2][n:3][c:4][n:5][c]1>>O[c:1]1n[c:2][n:3][c:4][n:5]1,https://doi.org/10.1021/acs.jmedchem.4c00094
*c1ccnc(NC)n1,*c1ccnc(C(=S)NC)n1,0.5312,[*:1][N:2][*:3]>>[*:3][N:2]C([*:1])=S,https://dx.doi.org/10.1021/acs.jmedchem.0c00530
*c1ccnc(NC)n1,*c1ccnc(NC(C)=S)n1,0.5806,[*:1][N:2][*:3]>>[*:3][N:2]C([*:1])=S,https://dx.doi.org/10.1021/acs.jmedchem.0c00530
*c1ccnc(NC)n1,*c1ccnc(CNC)n1,0.5161,[*:1][N:2][*:3]>>[*:1]C[N:2][*:3],https://doi.org/10.1021/acs.jmedchem.4c00018
*c1ccnc(NC)n1,*c1ccnc(NCCl)n1,0.5862,[*:1][C:2]>>[*:1][C:2]Cl,https://dx.doi.org/10.1021/acs.jmedchem.9b01877
*c1ccnc(NC)n1,*c1nc(NC)ccc1OC,0.3056,[c:1]1[c:2][n:3][c:4][n][c:6]1>>CO[c:1]1[c:2]c[c:4][n:3][c:6]1,https://doi.org/10.1021/acs.jmedchem.4c00094
*c1ccnc(NC)n1,*c1cc(NC)ncc1OC,0.2632,[c:1]1[c:2][n:3][c:4][n][c:6]1>>CO[c:1]1[c:2]c[c:4][n:3][c:6]1,https://doi.org/10.1021/acs.jmedchem.4c00094
*c1ccnc(NC)n1,*c1nc(NC)ccc1OCC,0.3158,[c:1]1[c:2][n:3][c:4][n][c:6]1>>CCO[c:1]1[c:2]c[c:4][n:3][c:6]1,https://doi.org/10.1021/acs.jmedchem.4c00094
*c1ccnc(NC)n1,*c1cc(NC)ncc1OCC,0.25,[c:1]1[c:2][n:3][c:4][n][c:6]1>>CCO[c:1]1[c:2]c[c:4][n:3][c:6]1,https://doi.org/10.1021/acs.jmedchem.4c00094
*c1ccnc(NC)n1,*c1nc(NC)nc2scnc12,0.3514,[*:1][c:2]1[c:3][c:4][n:5][c:6]([*:7])[n:8]1>>[*:7][c:6]1[n:8][c:2]([*:1])[c:3]2ncs[c:4]2[n:5]1,https://dx.doi.org/10.1021/acs.jmedchem.9b02153
*c1ccnc(NC)n1,*c1nc(NC)nc2cccc(F)c12,0.3333,[*:1][c:2]1[c:3][c:4][n:5][c:6]([*:7])[n:8]1>>[*:7][c:6]1[n:5][c:4]([*:1])[c:3]2c(F)ccc[c:2]2[n:8]1,https://dx.doi.org/10.1021/acs.jmedchem.9b01769
*c1ccnc(NC)n1,*c1ccccc1NC,0.2903,[*:1][N:2][c:3]1[n][c:5][c:6][c:7][n]1>>[*:1][N:2][c:3]1[c:7][c:6][c:5]cc1,https://doi.org/10.1021/acs.jmedchem.2c01382
*c1ccnc(NC)n1,*c1cc(NC)ccc1C,0.2647,[*:1][N:2][c:3]1[n][c:5][c:6][c:7][n]1>>[*:1][N:2][c:3]1c[c:5][c:6](C)[c:7]c1,https://dx.doi.org/10.1021/acs.jmedchem.0c01017
*c1ccnc(NC)n1,*c1ccc(NC)cc1C,0.2647,[*:1][N:2][c:3]1[n][c:5][c:6][c:7][n]1>>[*:1][N:2][c:3]1[c:6][c:7][c:5]c(C)c1,https://dx.doi.org/10.1021/acs.jmedchem.0c01017
*c1ccnc(NC)n1,*c1cc(C#N)cc(NC)c1,0.2105,[*:1][N:2][c:3]1[n:4][c:5][c:6][c:7][n]1>>[*:1][N:2][c:3]1[c:6][c:7][c:5]c(C#[N:4])c1,https://dx.doi.org/10.1021/acs.jmedchem.0c01017
*c1ccnc(NC)n1,*c1ccc(NC)cc1C#N,0.2368,[*:1][N:2][c:3]1[n:4][c:5][c:6][c:7][n]1>>[*:1][N:2][c:3]1[c:6][c:7][c:5]c(C#[N:4])c1,https://dx.doi.org/10.1021/acs.jmedchem.0c01017
*c1ccnc(NC)n1,*c1cc(Cl)cc(NC)c1,0.2286,[*:1][N:2][c:3]1[n][c:5][c:6][c:7][n]1>>[*:1][N:2][c:3]1[c:6][c:7][c:5]c(Cl)c1,https://dx.doi.org/10.1021/acs.jmedchem.0c01017
*c1ccnc(NC)n1,*c1ccc(NC)cc1Cl,0.2571,[*:1][N:2][c:3]1[n][c:5][c:6][c:7][n]1>>[*:1][N:2][c:3]1[c:6][c:7][c:5]c(Cl)c1,https://dx.doi.org/10.1021/acs.jmedchem.0c01017
*c1ccnc(NC)n1,*c1cc(N2CCN(C)CC2)ccc1NC,0.2093,[*:1][N:2][c:3]1[n:4][c:5][c:6][c:7][n:8]1>>[*:1][N:2][c:3]1[c:7][c:6][c:5]([N:4]2CC[N:8](C)CC2)cc1,https://dx.doi.org/10.1021/acs.jmedchem.0c01017
*c1ccnc(NC)n1,*c1ccnc(C(F)(F)F)n1,0.4194,[*:1][N]>>[*:1]C(F)(F)F,https://dx.doi.org/10.1021/acs.jmedchem.9b01877
*c1ccnc(NC)n1,*c1cccc2nc(NC)[nH]c12,0.2895,[*:1][c:2]1[c:3][c:4][n:5][c:6][n:7]1>>[*:1][c:2]1ccc[c:4]2[n:5][c:6][nH:7][c:3]12,https://dx.doi.org/10.1021/acs.jmedchem.0c01901
*c1ccnc(NC)n1,*c1ccnnc1NC,0.3333,[*:1][c:2]1[n:3][c:4][c:5][c:6][n:7]1>>[*:1][c:2]1[c:6][c:5][c:4][n:3][n:7]1,https://doi.org/10.1021/acs.jmedchem.1c01215
*c1ccnc(NC)n1,*c1ccc(NC)nn1,0.3548,[*:1][c:2]1[n:3][c:4][c:5][c:6][n:7]1>>[*:1][c:2]1[c:6][c:5][c:4][n:3][n:7]1,https://doi.org/10.1021/acs.jmedchem.1c01215
*c1ccnc(NC)n1,*c1cc(F)nc(NC)c1,0.2857,[*:1][c:2]1[n:3][c:4][c:5][c:6][n]1>>[*:1][c:2]1c[c:6][c:5][c:4](F)[n:3]1,https://doi.org/10.1021/acs.jmedchem.2c01983
*c1ccnc(NC)n1,*c1ccc(F)c(NC)n1,0.4062,[*:1][c:2]1[n:3][c:4][c:5][c:6][n]1>>[*:1][c:2]1[n:3][c:4][c:5][c:6]c1F,https://doi.org/10.1021/acs.jmedchem.2c01983
*c1ccnc(NC)n1,*c1ccnc(N(C)C(C)C)n1,0.4242,[*:1][N:2]>>[*:1][N:2][C]([C])[C],https://doi.org/10.1021/acs.jmedchem.3c02393
*c1ccnc(NC)n1,*c1cnccc1NC,0.3333,[*:1][c:2]1n[c:3][c:7][c:6][n:5]1>>[*:1][c:2]1[c:3][c][n:5][c:6][c:7]1,https://doi.org/10.1016/j.ejmech.2024.116627
*c1ccnc(NC)n1,*c1c(NC)ccc2ccccc12,0.2778,[*:1][c:2]1[c:11][c:6]n[c:3]n1>>[*:1][c:2]1[c:3][c][c][c:6]2[c][c][c][c][c:11]12,https://doi.org/10.1016/j.ejmech.2024.116627
*c1ccnc(NC)n1,*c1ccnc(C(=O)O)n1,0.4062,[*:1]N>>[*:1][C](=[O])[O],https://doi.org/10.1021/acs.jmedchem.4c01242
*c1ccnc(NC)n1,*c1ccnc(N(C)C(=O)OC)n1,0.4054,[*:1][N:2]>>[*:1][N:2][C](=[O])[O][C],https://doi.org/10.1021/acs.jmedchem.4c01242
*c1ccnc(NC)n1,*c1ccnc(N(C)C(=O)NCC)n1,0.375,[*:1][N:2]>>[*:1][N:2][C](=[O])[N][C][C],https://doi.org/10.1021/acs.jmedchem.4c01242
*c1ccnc(NC)n1,*c1ccnc(N(C)C(C)=O)n1,0.4,[*:1][N:2]>>[*:1][N:2][C]([C])=[O],https://doi.org/10.1021/acs.jmedchem.4c01242